,id,reserve_time,starting_time,finish_time
0,34,592.0,1496.0,1644.0
1,15,596.0,597.0,748.0
2,35,596.0,1499.0,1650.0
3,36,1491.0,1499.0,1648.0
4,37,1494.0,1642.0,1792.0
5,38,1637.0,1649.0,1798.0
6,39,1639.0,1650.0,1798.0
7,40,1645.0,1792.0,1939.0
8,41,1787.0,1798.0,1950.0
9,43,1793.0,1939.0,2088.0
10,44,1934.0,1950.0,2100.0
11,46,1945.0,2088.0,2236.0
12,47,2083.0,2100.0,2249.0
13,48,2095.0,2101.0,2254.0
14,49,2095.0,2236.0,2385.0
15,50,2096.0,2236.0,2386.0
16,51,2231.0,2249.0,2398.0
17,52,2231.0,2254.0,2403.0
18,53,2244.0,2386.0,2534.0
19,54,2249.0,2399.0,2547.0
20,55,2381.0,2403.0,2556.0
21,56,2393.0,2534.0,2685.0
22,71,2394.0,2539.0,2690.0
23,57,2398.0,2547.0,2700.0
24,83,2398.0,2556.0,2706.0
25,58,2529.0,2690.0,2841.0
26,59,2542.0,2700.0,2850.0
27,60,2551.0,2841.0,2991.0
28,61,2680.0,2841.0,2995.0
29,62,2695.0,2850.0,2994.0
30,63,2836.0,2991.0,3144.0
31,64,2986.0,2995.0,3142.0
32,66,2990.0,3142.0,3292.0
33,67,3137.0,3144.0,3296.0
34,70,3139.0,3292.0,3439.0
35,73,3287.0,3296.0,3447.0
36,74,3291.0,3439.0,3590.0
37,87,3291.0,3444.0,3596.0
38,75,3434.0,3443.0,3594.0
39,76,3438.0,3595.0,3750.0
40,77,3585.0,3596.0,3746.0
41,78,3591.0,3746.0,3896.0
42,81,3592.0,3745.0,3892.0
43,79,3740.0,3750.0,3900.0
44,82,3741.0,3892.0,4041.0
45,85,3745.0,3896.0,4046.0
46,88,3887.0,3900.0,4047.0
47,90,3891.0,4041.0,4190.0
48,91,3895.0,4046.0,4197.0
49,92,4036.0,4047.0,4197.0
50,93,4041.0,4195.0,4342.0
51,94,4042.0,4197.0,4349.0
52,95,4185.0,4197.0,4345.0
53,96,4192.0,4342.0,4488.0
54,98,4192.0,4349.0,4499.0
55,97,4337.0,4345.0,4499.0
56,99,4340.0,4493.0,4642.0
57,100,4344.0,4499.0,4652.0
