id,state_history
0,"[{'state': 'active', 'dvfs_mode': 'base', 'start_time': 0, 'finish_time': 0}, {'state': 'active', 'start_time': 0, 'finish_time': 0, 'dvfs_mode': 'base'}, {'state': 'active', 'start_time': 0, 'finish_time': 51.0, 'dvfs_mode': 'base'}, {'state': 'active', 'start_time': 51.0, 'finish_time': 51.0, 'dvfs_mode': 'base'}, {'state': 'active', 'start_time': 51.0, 'finish_time': 105.0, 'dvfs_mode': 'base'}, {'state': 'active', 'start_time': 105.0, 'finish_time': 105.0, 'dvfs_mode': 'base'}, {'state': 'active', 'start_time': 105.0, 'finish_time': 155.0, 'dvfs_mode': 'base'}, {'state': 'active', 'start_time': 155.0, 'finish_time': 155.0, 'dvfs_mode': 'base'}, {'state': 'active', 'start_time': 155.0, 'finish_time': 205.0, 'dvfs_mode': 'base'}, {'state': 'active', 'start_time': 205.0, 'finish_time': 205.0, 'dvfs_mode': 'base'}, {'state': 'active', 'start_time': 205.0, 'finish_time': 252.0, 'dvfs_mode': 'base'}, {'state': 'active', 'start_time': 252.0, 'finish_time': 252.0, 'dvfs_mode': 'base'}, {'state': 'active', 'start_time': 252.0, 'finish_time': 299.0, 'dvfs_mode': 'base'}, {'state': 'active', 'start_time': 299.0, 'finish_time': 299.0, 'dvfs_mode': 'base'}, {'state': 'active', 'start_time': 299.0, 'finish_time': 353.0, 'dvfs_mode': 'base'}, {'state': 'active', 'start_time': 353.0, 'finish_time': 353.0, 'dvfs_mode': 'base'}, {'state': 'active', 'start_time': 353.0, 'finish_time': 403.0, 'dvfs_mode': 'base'}, {'state': 'active', 'start_time': 403.0, 'finish_time': 403.0, 'dvfs_mode': 'base'}, {'state': 'active', 'start_time': 403.0, 'finish_time': 450.0, 'dvfs_mode': 'base'}, {'state': 'active', 'start_time': 450.0, 'finish_time': 450.0, 'dvfs_mode': 'base'}, {'state': 'active', 'start_time': 450.0, 'finish_time': 499.0, 'dvfs_mode': 'base'}, {'state': 'active', 'start_time': 499.0, 'finish_time': 499.0, 'dvfs_mode': 'base'}, {'state': 'active', 'start_time': 499.0, 'finish_time': 548.0, 'dvfs_mode': 'base'}, {'state': 'active', 'start_time': 548.0, 'finish_time': 549.0, 'dvfs_mode': 'base'}, {'state': 'active', 'start_time': 549.0, 'finish_time': 599.0, 'dvfs_mode': 'base'}, {'state': 'active', 'start_time': 599.0, 'finish_time': 599.0, 'dvfs_mode': 'base'}, {'state': 'active', 'start_time': 599.0, 'finish_time': 649.0, 'dvfs_mode': 'base'}, {'state': 'active', 'start_time': 649.0, 'finish_time': 649.0, 'dvfs_mode': 'base'}, {'state': 'active', 'start_time': 649.0, 'finish_time': 699.0, 'dvfs_mode': 'base'}, {'state': 'active', 'start_time': 699.0, 'finish_time': 699.0, 'dvfs_mode': 'base'}, {'state': 'active', 'start_time': 699.0, 'finish_time': 749.0, 'dvfs_mode': 'base'}, {'state': 'active', 'start_time': 749.0, 'finish_time': 750.0, 'dvfs_mode': 'base'}, {'state': 'active', 'start_time': 750.0, 'finish_time': 802.0, 'dvfs_mode': 'base'}, {'state': 'active', 'start_time': 802.0, 'finish_time': 802.0, 'dvfs_mode': 'base'}, {'state': 'active', 'start_time': 802.0, 'finish_time': 855.0, 'dvfs_mode': 'base'}, {'state': 'active', 'start_time': 855.0, 'finish_time': 855.0, 'dvfs_mode': 'base'}, {'state': 'active', 'start_time': 855.0, 'finish_time': 907.0, 'dvfs_mode': 'base'}, {'state': 'active', 'start_time': 907.0, 'finish_time': 907.0, 'dvfs_mode': 'base'}, {'state': 'active', 'start_time': 907.0, 'finish_time': 951.0, 'dvfs_mode': 'base'}, {'state': 'active', 'start_time': 951.0, 'finish_time': 951.0, 'dvfs_mode': 'base'}, {'state': 'active', 'start_time': 951.0, 'finish_time': 1001.0, 'dvfs_mode': 'base'}, {'state': 'active', 'start_time': 1001.0, 'finish_time': 1001.0, 'dvfs_mode': 'base'}, {'state': 'active', 'start_time': 1001.0, 'finish_time': 1050.0, 'dvfs_mode': 'base'}, {'state': 'active', 'start_time': 1050.0, 'finish_time': 1050.0, 'dvfs_mode': 'base'}, {'state': 'active', 'start_time': 1050.0, 'finish_time': 1102.0, 'dvfs_mode': 'base'}, {'state': 'active', 'start_time': 1102.0, 'finish_time': 1102.0, 'dvfs_mode': 'base'}, {'state': 'active', 'start_time': 1102.0, 'finish_time': 1153.0, 'dvfs_mode': 'base'}, {'state': 'active', 'start_time': 1153.0, 'finish_time': 1153.0, 'dvfs_mode': 'base'}, {'state': 'active', 'start_time': 1153.0, 'finish_time': 1202.0, 'dvfs_mode': 'base'}, {'state': 'active', 'start_time': 1202.0, 'finish_time': 1251.0}]"
1,"[{'state': 'active', 'dvfs_mode': 'base', 'start_time': 0, 'finish_time': 0}, {'state': 'active', 'start_time': 0, 'finish_time': 0, 'dvfs_mode': 'base'}, {'state': 'active', 'start_time': 0, 'finish_time': 51.0, 'dvfs_mode': 'base'}, {'state': 'active', 'start_time': 51.0, 'finish_time': 51.0, 'dvfs_mode': 'base'}, {'state': 'active', 'start_time': 51.0, 'finish_time': 105.0, 'dvfs_mode': 'base'}, {'state': 'active', 'start_time': 105.0, 'finish_time': 105.0, 'dvfs_mode': 'base'}, {'state': 'active', 'start_time': 105.0, 'finish_time': 155.0, 'dvfs_mode': 'base'}, {'state': 'active', 'start_time': 155.0, 'finish_time': 155.0, 'dvfs_mode': 'base'}, {'state': 'active', 'start_time': 155.0, 'finish_time': 205.0, 'dvfs_mode': 'base'}, {'state': 'active', 'start_time': 205.0, 'finish_time': 205.0, 'dvfs_mode': 'base'}, {'state': 'active', 'start_time': 205.0, 'finish_time': 252.0, 'dvfs_mode': 'base'}, {'state': 'active', 'start_time': 252.0, 'finish_time': 252.0, 'dvfs_mode': 'base'}, {'state': 'active', 'start_time': 252.0, 'finish_time': 299.0, 'dvfs_mode': 'base'}, {'state': 'active', 'start_time': 299.0, 'finish_time': 299.0, 'dvfs_mode': 'base'}, {'state': 'active', 'start_time': 299.0, 'finish_time': 353.0, 'dvfs_mode': 'base'}, {'state': 'active', 'start_time': 353.0, 'finish_time': 353.0, 'dvfs_mode': 'base'}, {'state': 'active', 'start_time': 353.0, 'finish_time': 403.0, 'dvfs_mode': 'base'}, {'state': 'active', 'start_time': 403.0, 'finish_time': 403.0, 'dvfs_mode': 'base'}, {'state': 'active', 'start_time': 403.0, 'finish_time': 450.0, 'dvfs_mode': 'base'}, {'state': 'active', 'start_time': 450.0, 'finish_time': 450.0, 'dvfs_mode': 'base'}, {'state': 'active', 'start_time': 450.0, 'finish_time': 499.0, 'dvfs_mode': 'base'}, {'state': 'active', 'start_time': 499.0, 'finish_time': 499.0, 'dvfs_mode': 'base'}, {'state': 'active', 'start_time': 499.0, 'finish_time': 548.0, 'dvfs_mode': 'base'}, {'state': 'active', 'start_time': 548.0, 'finish_time': 549.0, 'dvfs_mode': 'base'}, {'state': 'active', 'start_time': 549.0, 'finish_time': 599.0, 'dvfs_mode': 'base'}, {'state': 'active', 'start_time': 599.0, 'finish_time': 599.0, 'dvfs_mode': 'base'}, {'state': 'active', 'start_time': 599.0, 'finish_time': 649.0, 'dvfs_mode': 'base'}, {'state': 'active', 'start_time': 649.0, 'finish_time': 649.0, 'dvfs_mode': 'base'}, {'state': 'active', 'start_time': 649.0, 'finish_time': 699.0, 'dvfs_mode': 'base'}, {'state': 'active', 'start_time': 699.0, 'finish_time': 699.0, 'dvfs_mode': 'base'}, {'state': 'active', 'start_time': 699.0, 'finish_time': 749.0, 'dvfs_mode': 'base'}, {'state': 'active', 'start_time': 749.0, 'finish_time': 750.0, 'dvfs_mode': 'base'}, {'state': 'active', 'start_time': 750.0, 'finish_time': 802.0, 'dvfs_mode': 'base'}, {'state': 'active', 'start_time': 802.0, 'finish_time': 802.0, 'dvfs_mode': 'base'}, {'state': 'active', 'start_time': 802.0, 'finish_time': 855.0, 'dvfs_mode': 'base'}, {'state': 'active', 'start_time': 855.0, 'finish_time': 855.0, 'dvfs_mode': 'base'}, {'state': 'active', 'start_time': 855.0, 'finish_time': 907.0, 'dvfs_mode': 'base'}, {'state': 'active', 'start_time': 907.0, 'finish_time': 907.0, 'dvfs_mode': 'base'}, {'state': 'active', 'start_time': 907.0, 'finish_time': 951.0, 'dvfs_mode': 'base'}, {'state': 'active', 'start_time': 951.0, 'finish_time': 951.0, 'dvfs_mode': 'base'}, {'state': 'active', 'start_time': 951.0, 'finish_time': 1001.0, 'dvfs_mode': 'base'}, {'state': 'active', 'start_time': 1001.0, 'finish_time': 1001.0, 'dvfs_mode': 'base'}, {'state': 'active', 'start_time': 1001.0, 'finish_time': 1050.0, 'dvfs_mode': 'base'}, {'state': 'active', 'start_time': 1050.0, 'finish_time': 1050.0, 'dvfs_mode': 'base'}, {'state': 'active', 'start_time': 1050.0, 'finish_time': 1102.0, 'dvfs_mode': 'base'}, {'state': 'active', 'start_time': 1102.0, 'finish_time': 1102.0, 'dvfs_mode': 'base'}, {'state': 'active', 'start_time': 1102.0, 'finish_time': 1153.0, 'dvfs_mode': 'base'}, {'state': 'active', 'start_time': 1153.0, 'finish_time': 1153.0, 'dvfs_mode': 'base'}, {'state': 'active', 'start_time': 1153.0, 'finish_time': 1202.0, 'dvfs_mode': 'base'}, {'state': 'active', 'start_time': 1202.0, 'finish_time': 1251.0}]"
2,"[{'state': 'active', 'dvfs_mode': 'base', 'start_time': 0, 'finish_time': 0}, {'state': 'active', 'start_time': 0, 'finish_time': 0, 'dvfs_mode': 'base'}, {'state': 'active', 'start_time': 0, 'finish_time': 51.0, 'dvfs_mode': 'base'}, {'state': 'active', 'start_time': 51.0, 'finish_time': 51.0, 'dvfs_mode': 'base'}, {'state': 'active', 'start_time': 51.0, 'finish_time': 105.0, 'dvfs_mode': 'base'}, {'state': 'active', 'start_time': 105.0, 'finish_time': 105.0, 'dvfs_mode': 'base'}, {'state': 'active', 'start_time': 105.0, 'finish_time': 155.0, 'dvfs_mode': 'base'}, {'state': 'active', 'start_time': 155.0, 'finish_time': 155.0, 'dvfs_mode': 'base'}, {'state': 'active', 'start_time': 155.0, 'finish_time': 205.0, 'dvfs_mode': 'base'}, {'state': 'active', 'start_time': 205.0, 'finish_time': 205.0, 'dvfs_mode': 'base'}, {'state': 'active', 'start_time': 205.0, 'finish_time': 252.0, 'dvfs_mode': 'base'}, {'state': 'active', 'start_time': 252.0, 'finish_time': 252.0, 'dvfs_mode': 'base'}, {'state': 'active', 'start_time': 252.0, 'finish_time': 299.0, 'dvfs_mode': 'base'}, {'state': 'active', 'start_time': 299.0, 'finish_time': 299.0, 'dvfs_mode': 'base'}, {'state': 'active', 'start_time': 299.0, 'finish_time': 349.0, 'dvfs_mode': 'base'}, {'state': 'active', 'start_time': 349.0, 'finish_time': 349.0, 'dvfs_mode': 'base'}, {'state': 'active', 'start_time': 349.0, 'finish_time': 397.0, 'dvfs_mode': 'base'}, {'state': 'active', 'start_time': 397.0, 'finish_time': 397.0, 'dvfs_mode': 'base'}, {'state': 'active', 'start_time': 397.0, 'finish_time': 446.0, 'dvfs_mode': 'base'}, {'state': 'active', 'start_time': 446.0, 'finish_time': 446.0, 'dvfs_mode': 'base'}, {'state': 'active', 'start_time': 446.0, 'finish_time': 496.0, 'dvfs_mode': 'base'}, {'state': 'active', 'start_time': 496.0, 'finish_time': 496.0, 'dvfs_mode': 'base'}, {'state': 'active', 'start_time': 496.0, 'finish_time': 549.0, 'dvfs_mode': 'base'}, {'state': 'active', 'start_time': 549.0, 'finish_time': 549.0, 'dvfs_mode': 'base'}, {'state': 'active', 'start_time': 549.0, 'finish_time': 599.0, 'dvfs_mode': 'base'}, {'state': 'active', 'start_time': 599.0, 'finish_time': 599.0, 'dvfs_mode': 'base'}, {'state': 'active', 'start_time': 599.0, 'finish_time': 649.0, 'dvfs_mode': 'base'}, {'state': 'active', 'start_time': 649.0, 'finish_time': 649.0, 'dvfs_mode': 'base'}, {'state': 'active', 'start_time': 649.0, 'finish_time': 699.0, 'dvfs_mode': 'base'}, {'state': 'active', 'start_time': 699.0, 'finish_time': 699.0, 'dvfs_mode': 'base'}, {'state': 'active', 'start_time': 699.0, 'finish_time': 749.0, 'dvfs_mode': 'base'}, {'state': 'active', 'start_time': 749.0, 'finish_time': 750.0, 'dvfs_mode': 'base'}, {'state': 'active', 'start_time': 750.0, 'finish_time': 802.0, 'dvfs_mode': 'base'}, {'state': 'active', 'start_time': 802.0, 'finish_time': 802.0, 'dvfs_mode': 'base'}, {'state': 'active', 'start_time': 802.0, 'finish_time': 855.0, 'dvfs_mode': 'base'}, {'state': 'active', 'start_time': 855.0, 'finish_time': 855.0, 'dvfs_mode': 'base'}, {'state': 'active', 'start_time': 855.0, 'finish_time': 907.0, 'dvfs_mode': 'base'}, {'state': 'active', 'start_time': 907.0, 'finish_time': 907.0, 'dvfs_mode': 'base'}, {'state': 'active', 'start_time': 907.0, 'finish_time': 951.0, 'dvfs_mode': 'base'}, {'state': 'active', 'start_time': 951.0, 'finish_time': 951.0, 'dvfs_mode': 'base'}, {'state': 'active', 'start_time': 951.0, 'finish_time': 1001.0, 'dvfs_mode': 'base'}, {'state': 'active', 'start_time': 1001.0, 'finish_time': 1001.0, 'dvfs_mode': 'base'}, {'state': 'active', 'start_time': 1001.0, 'finish_time': 1050.0, 'dvfs_mode': 'base'}, {'state': 'active', 'start_time': 1050.0, 'finish_time': 1050.0, 'dvfs_mode': 'base'}, {'state': 'active', 'start_time': 1050.0, 'finish_time': 1102.0, 'dvfs_mode': 'base'}, {'state': 'active', 'start_time': 1102.0, 'finish_time': 1102.0, 'dvfs_mode': 'base'}, {'state': 'active', 'start_time': 1102.0, 'finish_time': 1153.0, 'dvfs_mode': 'base'}, {'state': 'active', 'start_time': 1153.0, 'finish_time': 1153.0, 'dvfs_mode': 'base'}, {'state': 'active', 'start_time': 1153.0, 'finish_time': 1202.0, 'dvfs_mode': 'base'}, {'state': 'active', 'start_time': 1202.0, 'finish_time': 1251.0}]"
3,"[{'state': 'active', 'dvfs_mode': 'base', 'start_time': 0, 'finish_time': 0}, {'state': 'active', 'start_time': 0, 'finish_time': 0, 'dvfs_mode': 'base'}, {'state': 'active', 'start_time': 0, 'finish_time': 51.0, 'dvfs_mode': 'base'}, {'state': 'active', 'start_time': 51.0, 'finish_time': 51.0, 'dvfs_mode': 'base'}, {'state': 'active', 'start_time': 51.0, 'finish_time': 105.0, 'dvfs_mode': 'base'}, {'state': 'active', 'start_time': 105.0, 'finish_time': 105.0, 'dvfs_mode': 'base'}, {'state': 'active', 'start_time': 105.0, 'finish_time': 155.0, 'dvfs_mode': 'base'}, {'state': 'active', 'start_time': 155.0, 'finish_time': 155.0, 'dvfs_mode': 'base'}, {'state': 'active', 'start_time': 155.0, 'finish_time': 205.0, 'dvfs_mode': 'base'}, {'state': 'active', 'start_time': 205.0, 'finish_time': 205.0, 'dvfs_mode': 'base'}, {'state': 'active', 'start_time': 205.0, 'finish_time': 252.0, 'dvfs_mode': 'base'}, {'state': 'active', 'start_time': 252.0, 'finish_time': 254.0, 'dvfs_mode': 'base'}, {'state': 'active', 'start_time': 254.0, 'finish_time': 302.0, 'dvfs_mode': 'base'}, {'state': 'active', 'start_time': 302.0, 'finish_time': 302.0, 'dvfs_mode': 'base'}, {'state': 'active', 'start_time': 302.0, 'finish_time': 351.0, 'dvfs_mode': 'base'}, {'state': 'active', 'start_time': 351.0, 'finish_time': 351.0, 'dvfs_mode': 'base'}, {'state': 'active', 'start_time': 351.0, 'finish_time': 399.0, 'dvfs_mode': 'base'}, {'state': 'active', 'start_time': 399.0, 'finish_time': 403.0, 'dvfs_mode': 'base'}, {'state': 'active', 'start_time': 403.0, 'finish_time': 450.0, 'dvfs_mode': 'base'}, {'state': 'active', 'start_time': 450.0, 'finish_time': 450.0, 'dvfs_mode': 'base'}, {'state': 'active', 'start_time': 450.0, 'finish_time': 499.0, 'dvfs_mode': 'base'}, {'state': 'active', 'start_time': 499.0, 'finish_time': 499.0, 'dvfs_mode': 'base'}, {'state': 'active', 'start_time': 499.0, 'finish_time': 551.0, 'dvfs_mode': 'base'}, {'state': 'active', 'start_time': 551.0, 'finish_time': 551.0, 'dvfs_mode': 'base'}, {'state': 'active', 'start_time': 551.0, 'finish_time': 599.0, 'dvfs_mode': 'base'}, {'state': 'active', 'start_time': 599.0, 'finish_time': 599.0, 'dvfs_mode': 'base'}, {'state': 'active', 'start_time': 599.0, 'finish_time': 649.0, 'dvfs_mode': 'base'}, {'state': 'active', 'start_time': 649.0, 'finish_time': 649.0, 'dvfs_mode': 'base'}, {'state': 'active', 'start_time': 649.0, 'finish_time': 700.0, 'dvfs_mode': 'base'}, {'state': 'active', 'start_time': 700.0, 'finish_time': 700.0, 'dvfs_mode': 'base'}, {'state': 'active', 'start_time': 700.0, 'finish_time': 748.0, 'dvfs_mode': 'base'}, {'state': 'active', 'start_time': 748.0, 'finish_time': 748.0, 'dvfs_mode': 'base'}, {'state': 'active', 'start_time': 748.0, 'finish_time': 799.0, 'dvfs_mode': 'base'}, {'state': 'active', 'start_time': 799.0, 'finish_time': 799.0, 'dvfs_mode': 'base'}, {'state': 'active', 'start_time': 799.0, 'finish_time': 847.0, 'dvfs_mode': 'base'}, {'state': 'active', 'start_time': 847.0, 'finish_time': 847.0, 'dvfs_mode': 'base'}, {'state': 'active', 'start_time': 847.0, 'finish_time': 894.0, 'dvfs_mode': 'base'}, {'state': 'active', 'start_time': 894.0, 'finish_time': 894.0, 'dvfs_mode': 'base'}, {'state': 'active', 'start_time': 894.0, 'finish_time': 942.0, 'dvfs_mode': 'base'}, {'state': 'active', 'start_time': 942.0, 'finish_time': 942.0, 'dvfs_mode': 'base'}, {'state': 'active', 'start_time': 942.0, 'finish_time': 990.0, 'dvfs_mode': 'base'}, {'state': 'active', 'start_time': 990.0, 'finish_time': 990.0, 'dvfs_mode': 'base'}, {'state': 'active', 'start_time': 990.0, 'finish_time': 1041.0, 'dvfs_mode': 'base'}, {'state': 'active', 'start_time': 1041.0, 'finish_time': 1041.0, 'dvfs_mode': 'base'}, {'state': 'active', 'start_time': 1041.0, 'finish_time': 1089.0, 'dvfs_mode': 'base'}, {'state': 'active', 'start_time': 1089.0, 'finish_time': 1089.0, 'dvfs_mode': 'base'}, {'state': 'active', 'start_time': 1089.0, 'finish_time': 1141.0, 'dvfs_mode': 'base'}, {'state': 'active', 'start_time': 1141.0, 'finish_time': 1141.0, 'dvfs_mode': 'base'}, {'state': 'active', 'start_time': 1141.0, 'finish_time': 1189.0, 'dvfs_mode': 'base'}, {'state': 'active', 'start_time': 1189.0, 'finish_time': 1195.0, 'dvfs_mode': 'base'}, {'state': 'active', 'start_time': 1195.0, 'finish_time': 1243.0, 'dvfs_mode': 'base'}, {'state': 'active', 'start_time': 1243.0, 'finish_time': 1251.0}]"
4,"[{'state': 'active', 'dvfs_mode': 'base', 'start_time': 0, 'finish_time': 0}, {'state': 'active', 'start_time': 0, 'finish_time': 0, 'dvfs_mode': 'base'}, {'state': 'active', 'start_time': 0, 'finish_time': 51.0, 'dvfs_mode': 'base'}, {'state': 'active', 'start_time': 51.0, 'finish_time': 51.0, 'dvfs_mode': 'base'}, {'state': 'active', 'start_time': 51.0, 'finish_time': 105.0, 'dvfs_mode': 'base'}, {'state': 'active', 'start_time': 105.0, 'finish_time': 105.0, 'dvfs_mode': 'base'}, {'state': 'active', 'start_time': 105.0, 'finish_time': 154.0, 'dvfs_mode': 'base'}, {'state': 'active', 'start_time': 154.0, 'finish_time': 154.0, 'dvfs_mode': 'base'}, {'state': 'active', 'start_time': 154.0, 'finish_time': 205.0, 'dvfs_mode': 'base'}, {'state': 'active', 'start_time': 205.0, 'finish_time': 205.0, 'dvfs_mode': 'base'}, {'state': 'active', 'start_time': 205.0, 'finish_time': 256.0, 'dvfs_mode': 'base'}, {'state': 'active', 'start_time': 256.0, 'finish_time': 256.0, 'dvfs_mode': 'base'}, {'state': 'active', 'start_time': 256.0, 'finish_time': 306.0, 'dvfs_mode': 'base'}, {'state': 'active', 'start_time': 306.0, 'finish_time': 306.0, 'dvfs_mode': 'base'}, {'state': 'active', 'start_time': 306.0, 'finish_time': 353.0, 'dvfs_mode': 'base'}, {'state': 'active', 'start_time': 353.0, 'finish_time': 353.0, 'dvfs_mode': 'base'}, {'state': 'active', 'start_time': 353.0, 'finish_time': 403.0, 'dvfs_mode': 'base'}, {'state': 'active', 'start_time': 403.0, 'finish_time': 403.0, 'dvfs_mode': 'base'}, {'state': 'active', 'start_time': 403.0, 'finish_time': 450.0, 'dvfs_mode': 'base'}, {'state': 'active', 'start_time': 450.0, 'finish_time': 450.0, 'dvfs_mode': 'base'}, {'state': 'active', 'start_time': 450.0, 'finish_time': 499.0, 'dvfs_mode': 'base'}, {'state': 'active', 'start_time': 499.0, 'finish_time': 499.0, 'dvfs_mode': 'base'}, {'state': 'active', 'start_time': 499.0, 'finish_time': 551.0, 'dvfs_mode': 'base'}, {'state': 'active', 'start_time': 551.0, 'finish_time': 551.0, 'dvfs_mode': 'base'}, {'state': 'active', 'start_time': 551.0, 'finish_time': 599.0, 'dvfs_mode': 'base'}, {'state': 'active', 'start_time': 599.0, 'finish_time': 599.0, 'dvfs_mode': 'base'}, {'state': 'active', 'start_time': 599.0, 'finish_time': 651.0, 'dvfs_mode': 'base'}, {'state': 'active', 'start_time': 651.0, 'finish_time': 651.0, 'dvfs_mode': 'base'}, {'state': 'active', 'start_time': 651.0, 'finish_time': 701.0, 'dvfs_mode': 'base'}, {'state': 'active', 'start_time': 701.0, 'finish_time': 701.0, 'dvfs_mode': 'base'}, {'state': 'active', 'start_time': 701.0, 'finish_time': 752.0, 'dvfs_mode': 'base'}, {'state': 'active', 'start_time': 752.0, 'finish_time': 752.0, 'dvfs_mode': 'base'}, {'state': 'active', 'start_time': 752.0, 'finish_time': 802.0, 'dvfs_mode': 'base'}, {'state': 'active', 'start_time': 802.0, 'finish_time': 802.0, 'dvfs_mode': 'base'}, {'state': 'active', 'start_time': 802.0, 'finish_time': 853.0, 'dvfs_mode': 'base'}, {'state': 'active', 'start_time': 853.0, 'finish_time': 853.0, 'dvfs_mode': 'base'}, {'state': 'active', 'start_time': 853.0, 'finish_time': 902.0, 'dvfs_mode': 'base'}, {'state': 'active', 'start_time': 902.0, 'finish_time': 907.0, 'dvfs_mode': 'base'}, {'state': 'active', 'start_time': 907.0, 'finish_time': 951.0, 'dvfs_mode': 'base'}, {'state': 'active', 'start_time': 951.0, 'finish_time': 990.0, 'dvfs_mode': 'base'}, {'state': 'active', 'start_time': 990.0, 'finish_time': 1041.0, 'dvfs_mode': 'base'}, {'state': 'active', 'start_time': 1041.0, 'finish_time': 1041.0, 'dvfs_mode': 'base'}, {'state': 'active', 'start_time': 1041.0, 'finish_time': 1089.0, 'dvfs_mode': 'base'}, {'state': 'active', 'start_time': 1089.0, 'finish_time': 1089.0, 'dvfs_mode': 'base'}, {'state': 'active', 'start_time': 1089.0, 'finish_time': 1141.0, 'dvfs_mode': 'base'}, {'state': 'active', 'start_time': 1141.0, 'finish_time': 1141.0, 'dvfs_mode': 'base'}, {'state': 'active', 'start_time': 1141.0, 'finish_time': 1189.0, 'dvfs_mode': 'base'}, {'state': 'active', 'start_time': 1189.0, 'finish_time': 1195.0, 'dvfs_mode': 'base'}, {'state': 'active', 'start_time': 1195.0, 'finish_time': 1243.0, 'dvfs_mode': 'base'}, {'state': 'active', 'start_time': 1243.0, 'finish_time': 1251.0}]"
5,"[{'state': 'active', 'dvfs_mode': 'base', 'start_time': 0, 'finish_time': 0}, {'state': 'active', 'start_time': 0, 'finish_time': 0, 'dvfs_mode': 'base'}, {'state': 'active', 'start_time': 0, 'finish_time': 51.0, 'dvfs_mode': 'base'}, {'state': 'active', 'start_time': 51.0, 'finish_time': 100.0, 'dvfs_mode': 'base'}, {'state': 'active', 'start_time': 100.0, 'finish_time': 151.0, 'dvfs_mode': 'base'}, {'state': 'active', 'start_time': 151.0, 'finish_time': 151.0, 'dvfs_mode': 'base'}, {'state': 'active', 'start_time': 151.0, 'finish_time': 199.0, 'dvfs_mode': 'base'}, {'state': 'active', 'start_time': 199.0, 'finish_time': 199.0, 'dvfs_mode': 'base'}, {'state': 'active', 'start_time': 199.0, 'finish_time': 251.0, 'dvfs_mode': 'base'}, {'state': 'active', 'start_time': 251.0, 'finish_time': 251.0, 'dvfs_mode': 'base'}, {'state': 'active', 'start_time': 251.0, 'finish_time': 299.0, 'dvfs_mode': 'base'}, {'state': 'active', 'start_time': 299.0, 'finish_time': 299.0, 'dvfs_mode': 'base'}, {'state': 'active', 'start_time': 299.0, 'finish_time': 349.0, 'dvfs_mode': 'base'}, {'state': 'active', 'start_time': 349.0, 'finish_time': 349.0, 'dvfs_mode': 'base'}, {'state': 'active', 'start_time': 349.0, 'finish_time': 397.0, 'dvfs_mode': 'base'}, {'state': 'active', 'start_time': 397.0, 'finish_time': 397.0, 'dvfs_mode': 'base'}, {'state': 'active', 'start_time': 397.0, 'finish_time': 446.0, 'dvfs_mode': 'base'}, {'state': 'active', 'start_time': 446.0, 'finish_time': 446.0, 'dvfs_mode': 'base'}, {'state': 'active', 'start_time': 446.0, 'finish_time': 496.0, 'dvfs_mode': 'base'}, {'state': 'active', 'start_time': 496.0, 'finish_time': 496.0, 'dvfs_mode': 'base'}, {'state': 'active', 'start_time': 496.0, 'finish_time': 549.0, 'dvfs_mode': 'base'}, {'state': 'active', 'start_time': 549.0, 'finish_time': 549.0, 'dvfs_mode': 'base'}, {'state': 'active', 'start_time': 549.0, 'finish_time': 599.0, 'dvfs_mode': 'base'}, {'state': 'active', 'start_time': 599.0, 'finish_time': 599.0, 'dvfs_mode': 'base'}, {'state': 'active', 'start_time': 599.0, 'finish_time': 651.0, 'dvfs_mode': 'base'}, {'state': 'active', 'start_time': 651.0, 'finish_time': 651.0, 'dvfs_mode': 'base'}, {'state': 'active', 'start_time': 651.0, 'finish_time': 701.0, 'dvfs_mode': 'base'}, {'state': 'active', 'start_time': 701.0, 'finish_time': 701.0, 'dvfs_mode': 'base'}, {'state': 'active', 'start_time': 701.0, 'finish_time': 752.0, 'dvfs_mode': 'base'}, {'state': 'active', 'start_time': 752.0, 'finish_time': 752.0, 'dvfs_mode': 'base'}, {'state': 'active', 'start_time': 752.0, 'finish_time': 802.0, 'dvfs_mode': 'base'}, {'state': 'active', 'start_time': 802.0, 'finish_time': 802.0, 'dvfs_mode': 'base'}, {'state': 'active', 'start_time': 802.0, 'finish_time': 853.0, 'dvfs_mode': 'base'}, {'state': 'active', 'start_time': 853.0, 'finish_time': 853.0, 'dvfs_mode': 'base'}, {'state': 'active', 'start_time': 853.0, 'finish_time': 902.0, 'dvfs_mode': 'base'}, {'state': 'active', 'start_time': 902.0, 'finish_time': 907.0, 'dvfs_mode': 'base'}, {'state': 'active', 'start_time': 907.0, 'finish_time': 951.0, 'dvfs_mode': 'base'}, {'state': 'active', 'start_time': 951.0, 'finish_time': 990.0, 'dvfs_mode': 'base'}, {'state': 'active', 'start_time': 990.0, 'finish_time': 1041.0, 'dvfs_mode': 'base'}, {'state': 'active', 'start_time': 1041.0, 'finish_time': 1041.0, 'dvfs_mode': 'base'}, {'state': 'active', 'start_time': 1041.0, 'finish_time': 1089.0, 'dvfs_mode': 'base'}, {'state': 'active', 'start_time': 1089.0, 'finish_time': 1089.0, 'dvfs_mode': 'base'}, {'state': 'active', 'start_time': 1089.0, 'finish_time': 1141.0, 'dvfs_mode': 'base'}, {'state': 'active', 'start_time': 1141.0, 'finish_time': 1141.0, 'dvfs_mode': 'base'}, {'state': 'active', 'start_time': 1141.0, 'finish_time': 1189.0, 'dvfs_mode': 'base'}, {'state': 'active', 'start_time': 1189.0, 'finish_time': 1195.0, 'dvfs_mode': 'base'}, {'state': 'active', 'start_time': 1195.0, 'finish_time': 1243.0, 'dvfs_mode': 'base'}, {'state': 'active', 'start_time': 1243.0, 'finish_time': 1251.0}]"
6,"[{'state': 'active', 'dvfs_mode': 'base', 'start_time': 0, 'finish_time': 0}, {'state': 'active', 'start_time': 0, 'finish_time': 0, 'dvfs_mode': 'base'}, {'state': 'active', 'start_time': 0, 'finish_time': 51.0, 'dvfs_mode': 'base'}, {'state': 'active', 'start_time': 51.0, 'finish_time': 100.0, 'dvfs_mode': 'base'}, {'state': 'active', 'start_time': 100.0, 'finish_time': 151.0, 'dvfs_mode': 'base'}, {'state': 'active', 'start_time': 151.0, 'finish_time': 151.0, 'dvfs_mode': 'base'}, {'state': 'active', 'start_time': 151.0, 'finish_time': 199.0, 'dvfs_mode': 'base'}, {'state': 'active', 'start_time': 199.0, 'finish_time': 199.0, 'dvfs_mode': 'base'}, {'state': 'active', 'start_time': 199.0, 'finish_time': 251.0, 'dvfs_mode': 'base'}, {'state': 'active', 'start_time': 251.0, 'finish_time': 251.0, 'dvfs_mode': 'base'}, {'state': 'active', 'start_time': 251.0, 'finish_time': 299.0, 'dvfs_mode': 'base'}, {'state': 'active', 'start_time': 299.0, 'finish_time': 299.0, 'dvfs_mode': 'base'}, {'state': 'active', 'start_time': 299.0, 'finish_time': 349.0, 'dvfs_mode': 'base'}, {'state': 'active', 'start_time': 349.0, 'finish_time': 349.0, 'dvfs_mode': 'base'}, {'state': 'active', 'start_time': 349.0, 'finish_time': 397.0, 'dvfs_mode': 'base'}, {'state': 'active', 'start_time': 397.0, 'finish_time': 397.0, 'dvfs_mode': 'base'}, {'state': 'active', 'start_time': 397.0, 'finish_time': 446.0, 'dvfs_mode': 'base'}, {'state': 'active', 'start_time': 446.0, 'finish_time': 446.0, 'dvfs_mode': 'base'}, {'state': 'active', 'start_time': 446.0, 'finish_time': 496.0, 'dvfs_mode': 'base'}, {'state': 'active', 'start_time': 496.0, 'finish_time': 496.0, 'dvfs_mode': 'base'}, {'state': 'active', 'start_time': 496.0, 'finish_time': 549.0, 'dvfs_mode': 'base'}, {'state': 'active', 'start_time': 549.0, 'finish_time': 551.0, 'dvfs_mode': 'base'}, {'state': 'active', 'start_time': 551.0, 'finish_time': 599.0, 'dvfs_mode': 'base'}, {'state': 'active', 'start_time': 599.0, 'finish_time': 599.0, 'dvfs_mode': 'base'}, {'state': 'active', 'start_time': 599.0, 'finish_time': 651.0, 'dvfs_mode': 'base'}, {'state': 'active', 'start_time': 651.0, 'finish_time': 651.0, 'dvfs_mode': 'base'}, {'state': 'active', 'start_time': 651.0, 'finish_time': 701.0, 'dvfs_mode': 'base'}, {'state': 'active', 'start_time': 701.0, 'finish_time': 701.0, 'dvfs_mode': 'base'}, {'state': 'active', 'start_time': 701.0, 'finish_time': 752.0, 'dvfs_mode': 'base'}, {'state': 'active', 'start_time': 752.0, 'finish_time': 752.0, 'dvfs_mode': 'base'}, {'state': 'active', 'start_time': 752.0, 'finish_time': 802.0, 'dvfs_mode': 'base'}, {'state': 'active', 'start_time': 802.0, 'finish_time': 802.0, 'dvfs_mode': 'base'}, {'state': 'active', 'start_time': 802.0, 'finish_time': 853.0, 'dvfs_mode': 'base'}, {'state': 'active', 'start_time': 853.0, 'finish_time': 853.0, 'dvfs_mode': 'base'}, {'state': 'active', 'start_time': 853.0, 'finish_time': 902.0, 'dvfs_mode': 'base'}, {'state': 'active', 'start_time': 902.0, 'finish_time': 942.0, 'dvfs_mode': 'base'}, {'state': 'active', 'start_time': 942.0, 'finish_time': 990.0, 'dvfs_mode': 'base'}, {'state': 'active', 'start_time': 990.0, 'finish_time': 990.0, 'dvfs_mode': 'base'}, {'state': 'active', 'start_time': 990.0, 'finish_time': 1041.0, 'dvfs_mode': 'base'}, {'state': 'active', 'start_time': 1041.0, 'finish_time': 1041.0, 'dvfs_mode': 'base'}, {'state': 'active', 'start_time': 1041.0, 'finish_time': 1089.0, 'dvfs_mode': 'base'}, {'state': 'active', 'start_time': 1089.0, 'finish_time': 1089.0, 'dvfs_mode': 'base'}, {'state': 'active', 'start_time': 1089.0, 'finish_time': 1141.0, 'dvfs_mode': 'base'}, {'state': 'active', 'start_time': 1141.0, 'finish_time': 1144.0, 'dvfs_mode': 'base'}, {'state': 'active', 'start_time': 1144.0, 'finish_time': 1195.0, 'dvfs_mode': 'base'}, {'state': 'active', 'start_time': 1195.0, 'finish_time': 1195.0, 'dvfs_mode': 'base'}, {'state': 'active', 'start_time': 1195.0, 'finish_time': 1243.0, 'dvfs_mode': 'base'}, {'state': 'active', 'start_time': 1243.0, 'finish_time': 1251.0}]"
7,"[{'state': 'active', 'dvfs_mode': 'base', 'start_time': 0, 'finish_time': 0}, {'state': 'active', 'start_time': 0, 'finish_time': 0, 'dvfs_mode': 'base'}, {'state': 'active', 'start_time': 0, 'finish_time': 51.0, 'dvfs_mode': 'base'}, {'state': 'active', 'start_time': 51.0, 'finish_time': 100.0, 'dvfs_mode': 'base'}, {'state': 'active', 'start_time': 100.0, 'finish_time': 151.0, 'dvfs_mode': 'base'}, {'state': 'active', 'start_time': 151.0, 'finish_time': 151.0, 'dvfs_mode': 'base'}, {'state': 'active', 'start_time': 151.0, 'finish_time': 199.0, 'dvfs_mode': 'base'}, {'state': 'active', 'start_time': 199.0, 'finish_time': 201.0, 'dvfs_mode': 'base'}, {'state': 'active', 'start_time': 201.0, 'finish_time': 250.0, 'dvfs_mode': 'base'}, {'state': 'active', 'start_time': 250.0, 'finish_time': 251.0, 'dvfs_mode': 'base'}, {'state': 'active', 'start_time': 251.0, 'finish_time': 299.0, 'dvfs_mode': 'base'}, {'state': 'active', 'start_time': 299.0, 'finish_time': 299.0, 'dvfs_mode': 'base'}, {'state': 'active', 'start_time': 299.0, 'finish_time': 349.0, 'dvfs_mode': 'base'}, {'state': 'active', 'start_time': 349.0, 'finish_time': 349.0, 'dvfs_mode': 'base'}, {'state': 'active', 'start_time': 349.0, 'finish_time': 397.0, 'dvfs_mode': 'base'}, {'state': 'active', 'start_time': 397.0, 'finish_time': 397.0, 'dvfs_mode': 'base'}, {'state': 'active', 'start_time': 397.0, 'finish_time': 446.0, 'dvfs_mode': 'base'}, {'state': 'active', 'start_time': 446.0, 'finish_time': 446.0, 'dvfs_mode': 'base'}, {'state': 'active', 'start_time': 446.0, 'finish_time': 496.0, 'dvfs_mode': 'base'}, {'state': 'active', 'start_time': 496.0, 'finish_time': 496.0, 'dvfs_mode': 'base'}, {'state': 'active', 'start_time': 496.0, 'finish_time': 551.0, 'dvfs_mode': 'base'}, {'state': 'active', 'start_time': 551.0, 'finish_time': 551.0, 'dvfs_mode': 'base'}, {'state': 'active', 'start_time': 551.0, 'finish_time': 599.0, 'dvfs_mode': 'base'}, {'state': 'active', 'start_time': 599.0, 'finish_time': 601.0, 'dvfs_mode': 'base'}, {'state': 'active', 'start_time': 601.0, 'finish_time': 651.0, 'dvfs_mode': 'base'}, {'state': 'active', 'start_time': 651.0, 'finish_time': 651.0, 'dvfs_mode': 'base'}, {'state': 'active', 'start_time': 651.0, 'finish_time': 701.0, 'dvfs_mode': 'base'}, {'state': 'active', 'start_time': 701.0, 'finish_time': 701.0, 'dvfs_mode': 'base'}, {'state': 'active', 'start_time': 701.0, 'finish_time': 752.0, 'dvfs_mode': 'base'}, {'state': 'active', 'start_time': 752.0, 'finish_time': 752.0, 'dvfs_mode': 'base'}, {'state': 'active', 'start_time': 752.0, 'finish_time': 802.0, 'dvfs_mode': 'base'}, {'state': 'active', 'start_time': 802.0, 'finish_time': 802.0, 'dvfs_mode': 'base'}, {'state': 'active', 'start_time': 802.0, 'finish_time': 853.0, 'dvfs_mode': 'base'}, {'state': 'active', 'start_time': 853.0, 'finish_time': 855.0, 'dvfs_mode': 'base'}, {'state': 'active', 'start_time': 855.0, 'finish_time': 907.0, 'dvfs_mode': 'base'}, {'state': 'active', 'start_time': 907.0, 'finish_time': 942.0, 'dvfs_mode': 'base'}, {'state': 'active', 'start_time': 942.0, 'finish_time': 990.0, 'dvfs_mode': 'base'}, {'state': 'active', 'start_time': 990.0, 'finish_time': 990.0, 'dvfs_mode': 'base'}, {'state': 'active', 'start_time': 990.0, 'finish_time': 1041.0, 'dvfs_mode': 'base'}, {'state': 'active', 'start_time': 1041.0, 'finish_time': 1041.0, 'dvfs_mode': 'base'}, {'state': 'active', 'start_time': 1041.0, 'finish_time': 1089.0, 'dvfs_mode': 'base'}, {'state': 'active', 'start_time': 1089.0, 'finish_time': 1089.0, 'dvfs_mode': 'base'}, {'state': 'active', 'start_time': 1089.0, 'finish_time': 1141.0, 'dvfs_mode': 'base'}, {'state': 'active', 'start_time': 1141.0, 'finish_time': 1144.0, 'dvfs_mode': 'base'}, {'state': 'active', 'start_time': 1144.0, 'finish_time': 1195.0, 'dvfs_mode': 'base'}, {'state': 'active', 'start_time': 1195.0, 'finish_time': 1195.0, 'dvfs_mode': 'base'}, {'state': 'active', 'start_time': 1195.0, 'finish_time': 1243.0, 'dvfs_mode': 'base'}, {'state': 'active', 'start_time': 1243.0, 'finish_time': 1251.0}]"
8,"[{'state': 'active', 'dvfs_mode': 'base', 'start_time': 0, 'finish_time': 0}, {'state': 'active', 'start_time': 0, 'finish_time': 0, 'dvfs_mode': 'base'}, {'state': 'active', 'start_time': 0, 'finish_time': 51.0, 'dvfs_mode': 'base'}, {'state': 'active', 'start_time': 51.0, 'finish_time': 100.0, 'dvfs_mode': 'base'}, {'state': 'active', 'start_time': 100.0, 'finish_time': 151.0, 'dvfs_mode': 'base'}, {'state': 'active', 'start_time': 151.0, 'finish_time': 151.0, 'dvfs_mode': 'base'}, {'state': 'active', 'start_time': 151.0, 'finish_time': 201.0, 'dvfs_mode': 'base'}, {'state': 'active', 'start_time': 201.0, 'finish_time': 201.0, 'dvfs_mode': 'base'}, {'state': 'active', 'start_time': 201.0, 'finish_time': 250.0, 'dvfs_mode': 'base'}, {'state': 'active', 'start_time': 250.0, 'finish_time': 251.0, 'dvfs_mode': 'base'}, {'state': 'active', 'start_time': 251.0, 'finish_time': 299.0, 'dvfs_mode': 'base'}, {'state': 'active', 'start_time': 299.0, 'finish_time': 299.0, 'dvfs_mode': 'base'}, {'state': 'active', 'start_time': 299.0, 'finish_time': 349.0, 'dvfs_mode': 'base'}, {'state': 'active', 'start_time': 349.0, 'finish_time': 351.0, 'dvfs_mode': 'base'}, {'state': 'active', 'start_time': 351.0, 'finish_time': 399.0, 'dvfs_mode': 'base'}, {'state': 'active', 'start_time': 399.0, 'finish_time': 403.0, 'dvfs_mode': 'base'}, {'state': 'active', 'start_time': 403.0, 'finish_time': 450.0, 'dvfs_mode': 'base'}, {'state': 'active', 'start_time': 450.0, 'finish_time': 450.0, 'dvfs_mode': 'base'}, {'state': 'active', 'start_time': 450.0, 'finish_time': 499.0, 'dvfs_mode': 'base'}, {'state': 'active', 'start_time': 499.0, 'finish_time': 499.0, 'dvfs_mode': 'base'}, {'state': 'active', 'start_time': 499.0, 'finish_time': 551.0, 'dvfs_mode': 'base'}, {'state': 'active', 'start_time': 551.0, 'finish_time': 551.0, 'dvfs_mode': 'base'}, {'state': 'active', 'start_time': 551.0, 'finish_time': 601.0, 'dvfs_mode': 'base'}, {'state': 'active', 'start_time': 601.0, 'finish_time': 601.0, 'dvfs_mode': 'base'}, {'state': 'active', 'start_time': 601.0, 'finish_time': 651.0, 'dvfs_mode': 'base'}, {'state': 'active', 'start_time': 651.0, 'finish_time': 651.0, 'dvfs_mode': 'base'}, {'state': 'active', 'start_time': 651.0, 'finish_time': 701.0, 'dvfs_mode': 'base'}, {'state': 'active', 'start_time': 701.0, 'finish_time': 701.0, 'dvfs_mode': 'base'}, {'state': 'active', 'start_time': 701.0, 'finish_time': 750.0, 'dvfs_mode': 'base'}, {'state': 'active', 'start_time': 750.0, 'finish_time': 750.0, 'dvfs_mode': 'base'}, {'state': 'active', 'start_time': 750.0, 'finish_time': 802.0, 'dvfs_mode': 'base'}, {'state': 'active', 'start_time': 802.0, 'finish_time': 847.0, 'dvfs_mode': 'base'}, {'state': 'active', 'start_time': 847.0, 'finish_time': 894.0, 'dvfs_mode': 'base'}, {'state': 'active', 'start_time': 894.0, 'finish_time': 894.0, 'dvfs_mode': 'base'}, {'state': 'active', 'start_time': 894.0, 'finish_time': 942.0, 'dvfs_mode': 'base'}, {'state': 'active', 'start_time': 942.0, 'finish_time': 942.0, 'dvfs_mode': 'base'}, {'state': 'active', 'start_time': 942.0, 'finish_time': 990.0, 'dvfs_mode': 'base'}, {'state': 'active', 'start_time': 990.0, 'finish_time': 990.0, 'dvfs_mode': 'base'}, {'state': 'active', 'start_time': 990.0, 'finish_time': 1041.0, 'dvfs_mode': 'base'}, {'state': 'active', 'start_time': 1041.0, 'finish_time': 1041.0, 'dvfs_mode': 'base'}, {'state': 'active', 'start_time': 1041.0, 'finish_time': 1092.0, 'dvfs_mode': 'base'}, {'state': 'active', 'start_time': 1092.0, 'finish_time': 1092.0, 'dvfs_mode': 'base'}, {'state': 'active', 'start_time': 1092.0, 'finish_time': 1144.0, 'dvfs_mode': 'base'}, {'state': 'active', 'start_time': 1144.0, 'finish_time': 1144.0, 'dvfs_mode': 'base'}, {'state': 'active', 'start_time': 1144.0, 'finish_time': 1195.0, 'dvfs_mode': 'base'}, {'state': 'active', 'start_time': 1195.0, 'finish_time': 1199.0, 'dvfs_mode': 'base'}, {'state': 'active', 'start_time': 1199.0, 'finish_time': 1250.0, 'dvfs_mode': 'base'}, {'state': 'active', 'start_time': 1250.0, 'finish_time': 1251.0}]"
9,"[{'state': 'active', 'dvfs_mode': 'base', 'start_time': 0, 'finish_time': 0}, {'state': 'active', 'start_time': 0, 'finish_time': 0, 'dvfs_mode': 'base'}, {'state': 'active', 'start_time': 0, 'finish_time': 50.0, 'dvfs_mode': 'base'}, {'state': 'active', 'start_time': 50.0, 'finish_time': 50.0, 'dvfs_mode': 'base'}, {'state': 'active', 'start_time': 50.0, 'finish_time': 100.0, 'dvfs_mode': 'base'}, {'state': 'active', 'start_time': 100.0, 'finish_time': 100.0, 'dvfs_mode': 'base'}, {'state': 'active', 'start_time': 100.0, 'finish_time': 151.0, 'dvfs_mode': 'base'}, {'state': 'active', 'start_time': 151.0, 'finish_time': 151.0, 'dvfs_mode': 'base'}, {'state': 'active', 'start_time': 151.0, 'finish_time': 201.0, 'dvfs_mode': 'base'}, {'state': 'active', 'start_time': 201.0, 'finish_time': 201.0, 'dvfs_mode': 'base'}, {'state': 'active', 'start_time': 201.0, 'finish_time': 250.0, 'dvfs_mode': 'base'}, {'state': 'active', 'start_time': 250.0, 'finish_time': 251.0, 'dvfs_mode': 'base'}, {'state': 'active', 'start_time': 251.0, 'finish_time': 299.0, 'dvfs_mode': 'base'}, {'state': 'active', 'start_time': 299.0, 'finish_time': 302.0, 'dvfs_mode': 'base'}, {'state': 'active', 'start_time': 302.0, 'finish_time': 351.0, 'dvfs_mode': 'base'}, {'state': 'active', 'start_time': 351.0, 'finish_time': 351.0, 'dvfs_mode': 'base'}, {'state': 'active', 'start_time': 351.0, 'finish_time': 399.0, 'dvfs_mode': 'base'}, {'state': 'active', 'start_time': 399.0, 'finish_time': 403.0, 'dvfs_mode': 'base'}, {'state': 'active', 'start_time': 403.0, 'finish_time': 450.0, 'dvfs_mode': 'base'}, {'state': 'active', 'start_time': 450.0, 'finish_time': 450.0, 'dvfs_mode': 'base'}, {'state': 'active', 'start_time': 450.0, 'finish_time': 499.0, 'dvfs_mode': 'base'}, {'state': 'active', 'start_time': 499.0, 'finish_time': 499.0, 'dvfs_mode': 'base'}, {'state': 'active', 'start_time': 499.0, 'finish_time': 552.0, 'dvfs_mode': 'base'}, {'state': 'active', 'start_time': 552.0, 'finish_time': 552.0, 'dvfs_mode': 'base'}, {'state': 'active', 'start_time': 552.0, 'finish_time': 601.0, 'dvfs_mode': 'base'}, {'state': 'active', 'start_time': 601.0, 'finish_time': 601.0, 'dvfs_mode': 'base'}, {'state': 'active', 'start_time': 601.0, 'finish_time': 651.0, 'dvfs_mode': 'base'}, {'state': 'active', 'start_time': 651.0, 'finish_time': 651.0, 'dvfs_mode': 'base'}, {'state': 'active', 'start_time': 651.0, 'finish_time': 701.0, 'dvfs_mode': 'base'}, {'state': 'active', 'start_time': 701.0, 'finish_time': 701.0, 'dvfs_mode': 'base'}, {'state': 'active', 'start_time': 701.0, 'finish_time': 750.0, 'dvfs_mode': 'base'}, {'state': 'active', 'start_time': 750.0, 'finish_time': 752.0, 'dvfs_mode': 'base'}, {'state': 'active', 'start_time': 752.0, 'finish_time': 802.0, 'dvfs_mode': 'base'}, {'state': 'active', 'start_time': 802.0, 'finish_time': 847.0, 'dvfs_mode': 'base'}, {'state': 'active', 'start_time': 847.0, 'finish_time': 894.0, 'dvfs_mode': 'base'}, {'state': 'active', 'start_time': 894.0, 'finish_time': 894.0, 'dvfs_mode': 'base'}, {'state': 'active', 'start_time': 894.0, 'finish_time': 942.0, 'dvfs_mode': 'base'}, {'state': 'active', 'start_time': 942.0, 'finish_time': 947.0, 'dvfs_mode': 'base'}, {'state': 'active', 'start_time': 947.0, 'finish_time': 997.0, 'dvfs_mode': 'base'}, {'state': 'active', 'start_time': 997.0, 'finish_time': 1001.0, 'dvfs_mode': 'base'}, {'state': 'active', 'start_time': 1001.0, 'finish_time': 1050.0, 'dvfs_mode': 'base'}, {'state': 'active', 'start_time': 1050.0, 'finish_time': 1050.0, 'dvfs_mode': 'base'}, {'state': 'active', 'start_time': 1050.0, 'finish_time': 1102.0, 'dvfs_mode': 'base'}, {'state': 'active', 'start_time': 1102.0, 'finish_time': 1102.0, 'dvfs_mode': 'base'}, {'state': 'active', 'start_time': 1102.0, 'finish_time': 1153.0, 'dvfs_mode': 'base'}, {'state': 'active', 'start_time': 1153.0, 'finish_time': 1153.0, 'dvfs_mode': 'base'}, {'state': 'active', 'start_time': 1153.0, 'finish_time': 1199.0, 'dvfs_mode': 'base'}, {'state': 'active', 'start_time': 1199.0, 'finish_time': 1199.0, 'dvfs_mode': 'base'}, {'state': 'active', 'start_time': 1199.0, 'finish_time': 1250.0, 'dvfs_mode': 'base'}, {'state': 'active', 'start_time': 1250.0, 'finish_time': 1251.0}]"
10,"[{'state': 'active', 'dvfs_mode': 'base', 'start_time': 0, 'finish_time': 0}, {'state': 'active', 'start_time': 0, 'finish_time': 0, 'dvfs_mode': 'base'}, {'state': 'active', 'start_time': 0, 'finish_time': 50.0, 'dvfs_mode': 'base'}, {'state': 'active', 'start_time': 50.0, 'finish_time': 50.0, 'dvfs_mode': 'base'}, {'state': 'active', 'start_time': 50.0, 'finish_time': 100.0, 'dvfs_mode': 'base'}, {'state': 'active', 'start_time': 100.0, 'finish_time': 102.0, 'dvfs_mode': 'base'}, {'state': 'active', 'start_time': 102.0, 'finish_time': 149.0, 'dvfs_mode': 'base'}, {'state': 'active', 'start_time': 149.0, 'finish_time': 149.0, 'dvfs_mode': 'base'}, {'state': 'active', 'start_time': 149.0, 'finish_time': 201.0, 'dvfs_mode': 'base'}, {'state': 'active', 'start_time': 201.0, 'finish_time': 201.0, 'dvfs_mode': 'base'}, {'state': 'active', 'start_time': 201.0, 'finish_time': 250.0, 'dvfs_mode': 'base'}, {'state': 'active', 'start_time': 250.0, 'finish_time': 254.0, 'dvfs_mode': 'base'}, {'state': 'active', 'start_time': 254.0, 'finish_time': 302.0, 'dvfs_mode': 'base'}, {'state': 'active', 'start_time': 302.0, 'finish_time': 302.0, 'dvfs_mode': 'base'}, {'state': 'active', 'start_time': 302.0, 'finish_time': 351.0, 'dvfs_mode': 'base'}, {'state': 'active', 'start_time': 351.0, 'finish_time': 351.0, 'dvfs_mode': 'base'}, {'state': 'active', 'start_time': 351.0, 'finish_time': 399.0, 'dvfs_mode': 'base'}, {'state': 'active', 'start_time': 399.0, 'finish_time': 403.0, 'dvfs_mode': 'base'}, {'state': 'active', 'start_time': 403.0, 'finish_time': 452.0, 'dvfs_mode': 'base'}, {'state': 'active', 'start_time': 452.0, 'finish_time': 496.0, 'dvfs_mode': 'base'}, {'state': 'active', 'start_time': 496.0, 'finish_time': 551.0, 'dvfs_mode': 'base'}, {'state': 'active', 'start_time': 551.0, 'finish_time': 551.0, 'dvfs_mode': 'base'}, {'state': 'active', 'start_time': 551.0, 'finish_time': 601.0, 'dvfs_mode': 'base'}, {'state': 'active', 'start_time': 601.0, 'finish_time': 601.0, 'dvfs_mode': 'base'}, {'state': 'active', 'start_time': 601.0, 'finish_time': 651.0, 'dvfs_mode': 'base'}, {'state': 'active', 'start_time': 651.0, 'finish_time': 651.0, 'dvfs_mode': 'base'}, {'state': 'active', 'start_time': 651.0, 'finish_time': 701.0, 'dvfs_mode': 'base'}, {'state': 'active', 'start_time': 701.0, 'finish_time': 701.0, 'dvfs_mode': 'base'}, {'state': 'active', 'start_time': 701.0, 'finish_time': 750.0, 'dvfs_mode': 'base'}, {'state': 'active', 'start_time': 750.0, 'finish_time': 799.0, 'dvfs_mode': 'base'}, {'state': 'active', 'start_time': 799.0, 'finish_time': 847.0, 'dvfs_mode': 'base'}, {'state': 'active', 'start_time': 847.0, 'finish_time': 847.0, 'dvfs_mode': 'base'}, {'state': 'active', 'start_time': 847.0, 'finish_time': 894.0, 'dvfs_mode': 'base'}, {'state': 'active', 'start_time': 894.0, 'finish_time': 899.0, 'dvfs_mode': 'base'}, {'state': 'active', 'start_time': 899.0, 'finish_time': 947.0, 'dvfs_mode': 'base'}, {'state': 'active', 'start_time': 947.0, 'finish_time': 947.0, 'dvfs_mode': 'base'}, {'state': 'active', 'start_time': 947.0, 'finish_time': 997.0, 'dvfs_mode': 'base'}, {'state': 'active', 'start_time': 997.0, 'finish_time': 1041.0, 'dvfs_mode': 'base'}, {'state': 'active', 'start_time': 1041.0, 'finish_time': 1092.0, 'dvfs_mode': 'base'}, {'state': 'active', 'start_time': 1092.0, 'finish_time': 1092.0, 'dvfs_mode': 'base'}, {'state': 'active', 'start_time': 1092.0, 'finish_time': 1144.0, 'dvfs_mode': 'base'}, {'state': 'active', 'start_time': 1144.0, 'finish_time': 1144.0, 'dvfs_mode': 'base'}, {'state': 'active', 'start_time': 1144.0, 'finish_time': 1195.0, 'dvfs_mode': 'base'}, {'state': 'active', 'start_time': 1195.0, 'finish_time': 1199.0, 'dvfs_mode': 'base'}, {'state': 'active', 'start_time': 1199.0, 'finish_time': 1250.0, 'dvfs_mode': 'base'}, {'state': 'active', 'start_time': 1250.0, 'finish_time': 1251.0}]"
11,"[{'state': 'active', 'dvfs_mode': 'base', 'start_time': 0, 'finish_time': 0}, {'state': 'active', 'start_time': 0, 'finish_time': 0, 'dvfs_mode': 'base'}, {'state': 'active', 'start_time': 0, 'finish_time': 50.0, 'dvfs_mode': 'base'}, {'state': 'active', 'start_time': 50.0, 'finish_time': 50.0, 'dvfs_mode': 'base'}, {'state': 'active', 'start_time': 50.0, 'finish_time': 100.0, 'dvfs_mode': 'base'}, {'state': 'active', 'start_time': 100.0, 'finish_time': 102.0, 'dvfs_mode': 'base'}, {'state': 'active', 'start_time': 102.0, 'finish_time': 149.0, 'dvfs_mode': 'base'}, {'state': 'active', 'start_time': 149.0, 'finish_time': 149.0, 'dvfs_mode': 'base'}, {'state': 'active', 'start_time': 149.0, 'finish_time': 201.0, 'dvfs_mode': 'base'}, {'state': 'active', 'start_time': 201.0, 'finish_time': 205.0, 'dvfs_mode': 'base'}, {'state': 'active', 'start_time': 205.0, 'finish_time': 256.0, 'dvfs_mode': 'base'}, {'state': 'active', 'start_time': 256.0, 'finish_time': 256.0, 'dvfs_mode': 'base'}, {'state': 'active', 'start_time': 256.0, 'finish_time': 306.0, 'dvfs_mode': 'base'}, {'state': 'active', 'start_time': 306.0, 'finish_time': 306.0, 'dvfs_mode': 'base'}, {'state': 'active', 'start_time': 306.0, 'finish_time': 353.0, 'dvfs_mode': 'base'}, {'state': 'active', 'start_time': 353.0, 'finish_time': 353.0, 'dvfs_mode': 'base'}, {'state': 'active', 'start_time': 353.0, 'finish_time': 403.0, 'dvfs_mode': 'base'}, {'state': 'active', 'start_time': 403.0, 'finish_time': 403.0, 'dvfs_mode': 'base'}, {'state': 'active', 'start_time': 403.0, 'finish_time': 452.0, 'dvfs_mode': 'base'}, {'state': 'active', 'start_time': 452.0, 'finish_time': 496.0, 'dvfs_mode': 'base'}, {'state': 'active', 'start_time': 496.0, 'finish_time': 551.0, 'dvfs_mode': 'base'}, {'state': 'active', 'start_time': 551.0, 'finish_time': 551.0, 'dvfs_mode': 'base'}, {'state': 'active', 'start_time': 551.0, 'finish_time': 601.0, 'dvfs_mode': 'base'}, {'state': 'active', 'start_time': 601.0, 'finish_time': 601.0, 'dvfs_mode': 'base'}, {'state': 'active', 'start_time': 601.0, 'finish_time': 651.0, 'dvfs_mode': 'base'}, {'state': 'active', 'start_time': 651.0, 'finish_time': 700.0, 'dvfs_mode': 'base'}, {'state': 'active', 'start_time': 700.0, 'finish_time': 748.0, 'dvfs_mode': 'base'}, {'state': 'active', 'start_time': 748.0, 'finish_time': 748.0, 'dvfs_mode': 'base'}, {'state': 'active', 'start_time': 748.0, 'finish_time': 799.0, 'dvfs_mode': 'base'}, {'state': 'active', 'start_time': 799.0, 'finish_time': 799.0, 'dvfs_mode': 'base'}, {'state': 'active', 'start_time': 799.0, 'finish_time': 847.0, 'dvfs_mode': 'base'}, {'state': 'active', 'start_time': 847.0, 'finish_time': 847.0, 'dvfs_mode': 'base'}, {'state': 'active', 'start_time': 847.0, 'finish_time': 894.0, 'dvfs_mode': 'base'}, {'state': 'active', 'start_time': 894.0, 'finish_time': 899.0, 'dvfs_mode': 'base'}, {'state': 'active', 'start_time': 899.0, 'finish_time': 947.0, 'dvfs_mode': 'base'}, {'state': 'active', 'start_time': 947.0, 'finish_time': 947.0, 'dvfs_mode': 'base'}, {'state': 'active', 'start_time': 947.0, 'finish_time': 997.0, 'dvfs_mode': 'base'}, {'state': 'active', 'start_time': 997.0, 'finish_time': 1051.0, 'dvfs_mode': 'base'}, {'state': 'active', 'start_time': 1051.0, 'finish_time': 1102.0, 'dvfs_mode': 'base'}, {'state': 'active', 'start_time': 1102.0, 'finish_time': 1102.0, 'dvfs_mode': 'base'}, {'state': 'active', 'start_time': 1102.0, 'finish_time': 1149.0, 'dvfs_mode': 'base'}, {'state': 'active', 'start_time': 1149.0, 'finish_time': 1149.0, 'dvfs_mode': 'base'}, {'state': 'active', 'start_time': 1149.0, 'finish_time': 1201.0, 'dvfs_mode': 'base'}, {'state': 'active', 'start_time': 1201.0, 'finish_time': 1201.0, 'dvfs_mode': 'base'}, {'state': 'active', 'start_time': 1201.0, 'finish_time': 1251.0, 'dvfs_mode': 'base'}, {'state': 'active', 'start_time': 1251.0, 'finish_time': 1251.0}]"
12,"[{'state': 'active', 'dvfs_mode': 'base', 'start_time': 0, 'finish_time': 0}, {'state': 'active', 'start_time': 0, 'finish_time': 0, 'dvfs_mode': 'base'}, {'state': 'active', 'start_time': 0, 'finish_time': 50.0, 'dvfs_mode': 'base'}, {'state': 'active', 'start_time': 50.0, 'finish_time': 50.0, 'dvfs_mode': 'base'}, {'state': 'active', 'start_time': 50.0, 'finish_time': 100.0, 'dvfs_mode': 'base'}, {'state': 'active', 'start_time': 100.0, 'finish_time': 102.0, 'dvfs_mode': 'base'}, {'state': 'active', 'start_time': 102.0, 'finish_time': 149.0, 'dvfs_mode': 'base'}, {'state': 'active', 'start_time': 149.0, 'finish_time': 149.0, 'dvfs_mode': 'base'}, {'state': 'active', 'start_time': 149.0, 'finish_time': 201.0, 'dvfs_mode': 'base'}, {'state': 'active', 'start_time': 201.0, 'finish_time': 205.0, 'dvfs_mode': 'base'}, {'state': 'active', 'start_time': 205.0, 'finish_time': 256.0, 'dvfs_mode': 'base'}, {'state': 'active', 'start_time': 256.0, 'finish_time': 256.0, 'dvfs_mode': 'base'}, {'state': 'active', 'start_time': 256.0, 'finish_time': 306.0, 'dvfs_mode': 'base'}, {'state': 'active', 'start_time': 306.0, 'finish_time': 306.0, 'dvfs_mode': 'base'}, {'state': 'active', 'start_time': 306.0, 'finish_time': 353.0, 'dvfs_mode': 'base'}, {'state': 'active', 'start_time': 353.0, 'finish_time': 353.0, 'dvfs_mode': 'base'}, {'state': 'active', 'start_time': 353.0, 'finish_time': 403.0, 'dvfs_mode': 'base'}, {'state': 'active', 'start_time': 403.0, 'finish_time': 446.0, 'dvfs_mode': 'base'}, {'state': 'active', 'start_time': 446.0, 'finish_time': 496.0, 'dvfs_mode': 'base'}, {'state': 'active', 'start_time': 496.0, 'finish_time': 496.0, 'dvfs_mode': 'base'}, {'state': 'active', 'start_time': 496.0, 'finish_time': 551.0, 'dvfs_mode': 'base'}, {'state': 'active', 'start_time': 551.0, 'finish_time': 551.0, 'dvfs_mode': 'base'}, {'state': 'active', 'start_time': 551.0, 'finish_time': 601.0, 'dvfs_mode': 'base'}, {'state': 'active', 'start_time': 601.0, 'finish_time': 601.0, 'dvfs_mode': 'base'}, {'state': 'active', 'start_time': 601.0, 'finish_time': 649.0, 'dvfs_mode': 'base'}, {'state': 'active', 'start_time': 649.0, 'finish_time': 649.0, 'dvfs_mode': 'base'}, {'state': 'active', 'start_time': 649.0, 'finish_time': 700.0, 'dvfs_mode': 'base'}, {'state': 'active', 'start_time': 700.0, 'finish_time': 700.0, 'dvfs_mode': 'base'}, {'state': 'active', 'start_time': 700.0, 'finish_time': 748.0, 'dvfs_mode': 'base'}, {'state': 'active', 'start_time': 748.0, 'finish_time': 748.0, 'dvfs_mode': 'base'}, {'state': 'active', 'start_time': 748.0, 'finish_time': 799.0, 'dvfs_mode': 'base'}, {'state': 'active', 'start_time': 799.0, 'finish_time': 799.0, 'dvfs_mode': 'base'}, {'state': 'active', 'start_time': 799.0, 'finish_time': 847.0, 'dvfs_mode': 'base'}, {'state': 'active', 'start_time': 847.0, 'finish_time': 847.0, 'dvfs_mode': 'base'}, {'state': 'active', 'start_time': 847.0, 'finish_time': 899.0, 'dvfs_mode': 'base'}, {'state': 'active', 'start_time': 899.0, 'finish_time': 899.0, 'dvfs_mode': 'base'}, {'state': 'active', 'start_time': 899.0, 'finish_time': 947.0, 'dvfs_mode': 'base'}, {'state': 'active', 'start_time': 947.0, 'finish_time': 947.0, 'dvfs_mode': 'base'}, {'state': 'active', 'start_time': 947.0, 'finish_time': 996.0, 'dvfs_mode': 'base'}, {'state': 'active', 'start_time': 996.0, 'finish_time': 996.0, 'dvfs_mode': 'base'}, {'state': 'active', 'start_time': 996.0, 'finish_time': 1051.0, 'dvfs_mode': 'base'}, {'state': 'active', 'start_time': 1051.0, 'finish_time': 1051.0, 'dvfs_mode': 'base'}, {'state': 'active', 'start_time': 1051.0, 'finish_time': 1102.0, 'dvfs_mode': 'base'}, {'state': 'active', 'start_time': 1102.0, 'finish_time': 1102.0, 'dvfs_mode': 'base'}, {'state': 'active', 'start_time': 1102.0, 'finish_time': 1149.0, 'dvfs_mode': 'base'}, {'state': 'active', 'start_time': 1149.0, 'finish_time': 1149.0, 'dvfs_mode': 'base'}, {'state': 'active', 'start_time': 1149.0, 'finish_time': 1201.0, 'dvfs_mode': 'base'}, {'state': 'active', 'start_time': 1201.0, 'finish_time': 1201.0, 'dvfs_mode': 'base'}, {'state': 'active', 'start_time': 1201.0, 'finish_time': 1251.0, 'dvfs_mode': 'base'}, {'state': 'active', 'start_time': 1251.0, 'finish_time': 1251.0}]"
13,"[{'state': 'active', 'dvfs_mode': 'base', 'start_time': 0, 'finish_time': 0}, {'state': 'active', 'start_time': 0, 'finish_time': 50.0, 'dvfs_mode': 'base'}, {'state': 'active', 'start_time': 50.0, 'finish_time': 102.0, 'dvfs_mode': 'base'}, {'state': 'active', 'start_time': 102.0, 'finish_time': 102.0, 'dvfs_mode': 'base'}, {'state': 'active', 'start_time': 102.0, 'finish_time': 149.0, 'dvfs_mode': 'base'}, {'state': 'active', 'start_time': 149.0, 'finish_time': 151.0, 'dvfs_mode': 'base'}, {'state': 'active', 'start_time': 151.0, 'finish_time': 201.0, 'dvfs_mode': 'base'}, {'state': 'active', 'start_time': 201.0, 'finish_time': 205.0, 'dvfs_mode': 'base'}, {'state': 'active', 'start_time': 205.0, 'finish_time': 256.0, 'dvfs_mode': 'base'}, {'state': 'active', 'start_time': 256.0, 'finish_time': 256.0, 'dvfs_mode': 'base'}, {'state': 'active', 'start_time': 256.0, 'finish_time': 306.0, 'dvfs_mode': 'base'}, {'state': 'active', 'start_time': 306.0, 'finish_time': 351.0, 'dvfs_mode': 'base'}, {'state': 'active', 'start_time': 351.0, 'finish_time': 399.0, 'dvfs_mode': 'base'}, {'state': 'active', 'start_time': 399.0, 'finish_time': 450.0, 'dvfs_mode': 'base'}, {'state': 'active', 'start_time': 450.0, 'finish_time': 499.0, 'dvfs_mode': 'base'}, {'state': 'active', 'start_time': 499.0, 'finish_time': 499.0, 'dvfs_mode': 'base'}, {'state': 'active', 'start_time': 499.0, 'finish_time': 552.0, 'dvfs_mode': 'base'}, {'state': 'active', 'start_time': 552.0, 'finish_time': 552.0, 'dvfs_mode': 'base'}, {'state': 'active', 'start_time': 552.0, 'finish_time': 601.0, 'dvfs_mode': 'base'}, {'state': 'active', 'start_time': 601.0, 'finish_time': 601.0, 'dvfs_mode': 'base'}, {'state': 'active', 'start_time': 601.0, 'finish_time': 649.0, 'dvfs_mode': 'base'}, {'state': 'active', 'start_time': 649.0, 'finish_time': 649.0, 'dvfs_mode': 'base'}, {'state': 'active', 'start_time': 649.0, 'finish_time': 700.0, 'dvfs_mode': 'base'}, {'state': 'active', 'start_time': 700.0, 'finish_time': 700.0, 'dvfs_mode': 'base'}, {'state': 'active', 'start_time': 700.0, 'finish_time': 748.0, 'dvfs_mode': 'base'}, {'state': 'active', 'start_time': 748.0, 'finish_time': 748.0, 'dvfs_mode': 'base'}, {'state': 'active', 'start_time': 748.0, 'finish_time': 799.0, 'dvfs_mode': 'base'}, {'state': 'active', 'start_time': 799.0, 'finish_time': 799.0, 'dvfs_mode': 'base'}, {'state': 'active', 'start_time': 799.0, 'finish_time': 849.0, 'dvfs_mode': 'base'}, {'state': 'active', 'start_time': 849.0, 'finish_time': 855.0, 'dvfs_mode': 'base'}, {'state': 'active', 'start_time': 855.0, 'finish_time': 907.0, 'dvfs_mode': 'base'}, {'state': 'active', 'start_time': 907.0, 'finish_time': 947.0, 'dvfs_mode': 'base'}, {'state': 'active', 'start_time': 947.0, 'finish_time': 996.0, 'dvfs_mode': 'base'}, {'state': 'active', 'start_time': 996.0, 'finish_time': 996.0, 'dvfs_mode': 'base'}, {'state': 'active', 'start_time': 996.0, 'finish_time': 1051.0, 'dvfs_mode': 'base'}, {'state': 'active', 'start_time': 1051.0, 'finish_time': 1051.0, 'dvfs_mode': 'base'}, {'state': 'active', 'start_time': 1051.0, 'finish_time': 1102.0, 'dvfs_mode': 'base'}, {'state': 'active', 'start_time': 1102.0, 'finish_time': 1102.0, 'dvfs_mode': 'base'}, {'state': 'active', 'start_time': 1102.0, 'finish_time': 1149.0, 'dvfs_mode': 'base'}, {'state': 'active', 'start_time': 1149.0, 'finish_time': 1149.0, 'dvfs_mode': 'base'}, {'state': 'active', 'start_time': 1149.0, 'finish_time': 1201.0, 'dvfs_mode': 'base'}, {'state': 'active', 'start_time': 1201.0, 'finish_time': 1201.0, 'dvfs_mode': 'base'}, {'state': 'active', 'start_time': 1201.0, 'finish_time': 1251.0, 'dvfs_mode': 'base'}, {'state': 'active', 'start_time': 1251.0, 'finish_time': 1251.0}]"
14,"[{'state': 'active', 'dvfs_mode': 'base', 'start_time': 0, 'finish_time': 0}, {'state': 'active', 'start_time': 0, 'finish_time': 50.0, 'dvfs_mode': 'base'}, {'state': 'active', 'start_time': 50.0, 'finish_time': 102.0, 'dvfs_mode': 'base'}, {'state': 'active', 'start_time': 102.0, 'finish_time': 105.0, 'dvfs_mode': 'base'}, {'state': 'active', 'start_time': 105.0, 'finish_time': 154.0, 'dvfs_mode': 'base'}, {'state': 'active', 'start_time': 154.0, 'finish_time': 154.0, 'dvfs_mode': 'base'}, {'state': 'active', 'start_time': 154.0, 'finish_time': 205.0, 'dvfs_mode': 'base'}, {'state': 'active', 'start_time': 205.0, 'finish_time': 205.0, 'dvfs_mode': 'base'}, {'state': 'active', 'start_time': 205.0, 'finish_time': 254.0, 'dvfs_mode': 'base'}, {'state': 'active', 'start_time': 254.0, 'finish_time': 254.0, 'dvfs_mode': 'base'}, {'state': 'active', 'start_time': 254.0, 'finish_time': 302.0, 'dvfs_mode': 'base'}, {'state': 'active', 'start_time': 302.0, 'finish_time': 302.0, 'dvfs_mode': 'base'}, {'state': 'active', 'start_time': 302.0, 'finish_time': 351.0, 'dvfs_mode': 'base'}, {'state': 'active', 'start_time': 351.0, 'finish_time': 397.0, 'dvfs_mode': 'base'}, {'state': 'active', 'start_time': 397.0, 'finish_time': 446.0, 'dvfs_mode': 'base'}, {'state': 'active', 'start_time': 446.0, 'finish_time': 450.0, 'dvfs_mode': 'base'}, {'state': 'active', 'start_time': 450.0, 'finish_time': 499.0, 'dvfs_mode': 'base'}, {'state': 'active', 'start_time': 499.0, 'finish_time': 499.0, 'dvfs_mode': 'base'}, {'state': 'active', 'start_time': 499.0, 'finish_time': 552.0, 'dvfs_mode': 'base'}, {'state': 'active', 'start_time': 552.0, 'finish_time': 552.0, 'dvfs_mode': 'base'}, {'state': 'active', 'start_time': 552.0, 'finish_time': 601.0, 'dvfs_mode': 'base'}, {'state': 'active', 'start_time': 601.0, 'finish_time': 649.0, 'dvfs_mode': 'base'}, {'state': 'active', 'start_time': 649.0, 'finish_time': 700.0, 'dvfs_mode': 'base'}, {'state': 'active', 'start_time': 700.0, 'finish_time': 701.0, 'dvfs_mode': 'base'}, {'state': 'active', 'start_time': 701.0, 'finish_time': 750.0, 'dvfs_mode': 'base'}, {'state': 'active', 'start_time': 750.0, 'finish_time': 799.0, 'dvfs_mode': 'base'}, {'state': 'active', 'start_time': 799.0, 'finish_time': 849.0, 'dvfs_mode': 'base'}, {'state': 'active', 'start_time': 849.0, 'finish_time': 899.0, 'dvfs_mode': 'base'}, {'state': 'active', 'start_time': 899.0, 'finish_time': 947.0, 'dvfs_mode': 'base'}, {'state': 'active', 'start_time': 947.0, 'finish_time': 947.0, 'dvfs_mode': 'base'}, {'state': 'active', 'start_time': 947.0, 'finish_time': 996.0, 'dvfs_mode': 'base'}, {'state': 'active', 'start_time': 996.0, 'finish_time': 996.0, 'dvfs_mode': 'base'}, {'state': 'active', 'start_time': 996.0, 'finish_time': 1051.0, 'dvfs_mode': 'base'}, {'state': 'active', 'start_time': 1051.0, 'finish_time': 1092.0, 'dvfs_mode': 'base'}, {'state': 'active', 'start_time': 1092.0, 'finish_time': 1144.0, 'dvfs_mode': 'base'}, {'state': 'active', 'start_time': 1144.0, 'finish_time': 1153.0, 'dvfs_mode': 'base'}, {'state': 'active', 'start_time': 1153.0, 'finish_time': 1199.0, 'dvfs_mode': 'base'}, {'state': 'active', 'start_time': 1199.0, 'finish_time': 1251.0}]"
15,"[{'state': 'active', 'dvfs_mode': 'base', 'start_time': 0, 'finish_time': 0}, {'state': 'active', 'start_time': 0, 'finish_time': 50.0, 'dvfs_mode': 'base'}, {'state': 'active', 'start_time': 50.0, 'finish_time': 102.0, 'dvfs_mode': 'base'}, {'state': 'active', 'start_time': 102.0, 'finish_time': 105.0, 'dvfs_mode': 'base'}, {'state': 'active', 'start_time': 105.0, 'finish_time': 154.0, 'dvfs_mode': 'base'}, {'state': 'active', 'start_time': 154.0, 'finish_time': 154.0, 'dvfs_mode': 'base'}, {'state': 'active', 'start_time': 154.0, 'finish_time': 205.0, 'dvfs_mode': 'base'}, {'state': 'active', 'start_time': 205.0, 'finish_time': 205.0, 'dvfs_mode': 'base'}, {'state': 'active', 'start_time': 205.0, 'finish_time': 254.0, 'dvfs_mode': 'base'}, {'state': 'active', 'start_time': 254.0, 'finish_time': 256.0, 'dvfs_mode': 'base'}, {'state': 'active', 'start_time': 256.0, 'finish_time': 306.0, 'dvfs_mode': 'base'}, {'state': 'active', 'start_time': 306.0, 'finish_time': 397.0, 'dvfs_mode': 'base'}, {'state': 'active', 'start_time': 397.0, 'finish_time': 446.0, 'dvfs_mode': 'base'}, {'state': 'active', 'start_time': 446.0, 'finish_time': 450.0, 'dvfs_mode': 'base'}, {'state': 'active', 'start_time': 450.0, 'finish_time': 499.0, 'dvfs_mode': 'base'}, {'state': 'active', 'start_time': 499.0, 'finish_time': 499.0, 'dvfs_mode': 'base'}, {'state': 'active', 'start_time': 499.0, 'finish_time': 552.0, 'dvfs_mode': 'base'}, {'state': 'active', 'start_time': 552.0, 'finish_time': 552.0, 'dvfs_mode': 'base'}, {'state': 'active', 'start_time': 552.0, 'finish_time': 601.0, 'dvfs_mode': 'base'}, {'state': 'active', 'start_time': 601.0, 'finish_time': 649.0, 'dvfs_mode': 'base'}, {'state': 'active', 'start_time': 649.0, 'finish_time': 700.0, 'dvfs_mode': 'base'}, {'state': 'active', 'start_time': 700.0, 'finish_time': 701.0, 'dvfs_mode': 'base'}, {'state': 'active', 'start_time': 701.0, 'finish_time': 750.0, 'dvfs_mode': 'base'}, {'state': 'active', 'start_time': 750.0, 'finish_time': 847.0, 'dvfs_mode': 'base'}, {'state': 'active', 'start_time': 847.0, 'finish_time': 899.0, 'dvfs_mode': 'base'}, {'state': 'active', 'start_time': 899.0, 'finish_time': 899.0, 'dvfs_mode': 'base'}, {'state': 'active', 'start_time': 899.0, 'finish_time': 947.0, 'dvfs_mode': 'base'}, {'state': 'active', 'start_time': 947.0, 'finish_time': 947.0, 'dvfs_mode': 'base'}, {'state': 'active', 'start_time': 947.0, 'finish_time': 996.0, 'dvfs_mode': 'base'}, {'state': 'active', 'start_time': 996.0, 'finish_time': 996.0, 'dvfs_mode': 'base'}, {'state': 'active', 'start_time': 996.0, 'finish_time': 1051.0, 'dvfs_mode': 'base'}, {'state': 'active', 'start_time': 1051.0, 'finish_time': 1102.0, 'dvfs_mode': 'base'}, {'state': 'active', 'start_time': 1102.0, 'finish_time': 1149.0, 'dvfs_mode': 'base'}, {'state': 'active', 'start_time': 1149.0, 'finish_time': 1153.0, 'dvfs_mode': 'base'}, {'state': 'active', 'start_time': 1153.0, 'finish_time': 1199.0, 'dvfs_mode': 'base'}, {'state': 'active', 'start_time': 1199.0, 'finish_time': 1251.0}]"
