job_id,workload_name,profile,submission_time,requested_number_of_resources,requested_time,success,final_state,starting_time,execution_time,finish_time,waiting_time,turnaround_time,stretch,allocated_resources,consumed_energy
1,w0,100,1.0,6,150,0,COMPLETED_WALLTIME_REACHED,1.0,150.0,151.0,0.0,150.0,0.0,0-5,-1
2,w0,100,1.0,7,152,0,COMPLETED_WALLTIME_REACHED,151.0,152.0,303.0,150.0,302.0,0.9868421052631579,0-6,-1
3,w0,100,2.0,5,153,0,COMPLETED_WALLTIME_REACHED,303.0,153.0,456.0,301.0,454.0,1.9673202614379084,0-4,-1
4,w0,100,2.0,4,152,0,COMPLETED_WALLTIME_REACHED,456.0,152.0,608.0,454.0,606.0,2.986842105263158,0-3,-1
5,w0,100,4.0,5,148,0,COMPLETED_WALLTIME_REACHED,608.0,148.0,756.0,604.0,752.0,4.081081081081081,0-4,-1
6,w0,100,5.0,5,151,0,COMPLETED_WALLTIME_REACHED,756.0,151.0,907.0,751.0,902.0,4.973509933774834,0-4,-1
7,w0,100,7.0,5,150,0,COMPLETED_WALLTIME_REACHED,907.0,150.0,1057.0,900.0,1050.0,6.0,0-4,-1
8,w0,100,12.0,4,154,0,COMPLETED_WALLTIME_REACHED,1057.0,154.0,1211.0,1045.0,1199.0,6.785714285714286,0-3,-1
10,w0,100,23.0,3,149,0,COMPLETED_WALLTIME_REACHED,1211.0,149.0,1360.0,1188.0,1337.0,7.973154362416107,5-7,-1
9,w0,100,14.0,5,150,0,COMPLETED_WALLTIME_REACHED,1211.0,150.0,1361.0,1197.0,1347.0,7.98,0-4,-1
12,w0,100,24.0,3,149,0,COMPLETED_WALLTIME_REACHED,1361.0,149.0,1510.0,1337.0,1486.0,8.973154362416107,4-6,-1
11,w0,100,24.0,4,151,0,COMPLETED_WALLTIME_REACHED,1361.0,151.0,1512.0,1337.0,1488.0,8.85430463576159,0-3,-1
13,w0,100,26.0,4,148,0,COMPLETED_WALLTIME_REACHED,1510.0,148.0,1658.0,1484.0,1632.0,10.027027027027026,4-7,-1
14,w0,100,30.0,4,155,0,COMPLETED_WALLTIME_REACHED,1512.0,155.0,1667.0,1482.0,1637.0,9.561290322580644,0-3,-1
15,w0,100,32.0,3,148,0,COMPLETED_WALLTIME_REACHED,1658.0,148.0,1806.0,1626.0,1774.0,10.986486486486486,4-6,-1
16,w0,100,33.0,5,150,0,COMPLETED_WALLTIME_REACHED,1667.0,150.0,1817.0,1634.0,1784.0,10.893333333333333,0-3 7,-1
17,w0,100,34.0,5,148,0,COMPLETED_WALLTIME_REACHED,1817.0,148.0,1965.0,1783.0,1931.0,12.047297297297296,0-4,-1
18,w0,100,39.0,4,152,0,COMPLETED_WALLTIME_REACHED,1965.0,152.0,2117.0,1926.0,2078.0,12.671052631578947,0-3,-1
19,w0,100,42.0,5,146,0,COMPLETED_WALLTIME_REACHED,2117.0,146.0,2263.0,2075.0,2221.0,14.212328767123287,0-4,-1
20,w0,100,45.0,3,149,0,COMPLETED_WALLTIME_REACHED,2117.0,149.0,2266.0,2072.0,2221.0,13.906040268456376,5-7,-1
21,w0,100,47.0,4,151,0,COMPLETED_WALLTIME_REACHED,2263.0,151.0,2414.0,2216.0,2367.0,14.675496688741722,0-3,-1
22,w0,100,48.0,5,152,0,COMPLETED_WALLTIME_REACHED,2414.0,152.0,2566.0,2366.0,2518.0,15.56578947368421,0-4,-1
23,w0,100,49.0,5,151,0,COMPLETED_WALLTIME_REACHED,2566.0,151.0,2717.0,2517.0,2668.0,16.66887417218543,0-4,-1
24,w0,100,49.0,5,148,0,COMPLETED_WALLTIME_REACHED,2717.0,148.0,2865.0,2668.0,2816.0,18.027027027027028,0-4,-1
25,w0,100,50.0,5,152,0,COMPLETED_WALLTIME_REACHED,2865.0,152.0,3017.0,2815.0,2967.0,18.519736842105264,0-4,-1
26,w0,100,50.0,6,146,0,COMPLETED_WALLTIME_REACHED,3017.0,146.0,3163.0,2967.0,3113.0,20.32191780821918,0-5,-1
28,w0,100,56.0,3,149,0,COMPLETED_WALLTIME_REACHED,3163.0,149.0,3312.0,3107.0,3256.0,20.85234899328859,5-7,-1
27,w0,100,51.0,5,152,0,COMPLETED_WALLTIME_REACHED,3163.0,152.0,3315.0,3112.0,3264.0,20.473684210526315,0-4,-1
29,w0,100,57.0,4,148,0,COMPLETED_WALLTIME_REACHED,3315.0,148.0,3463.0,3258.0,3406.0,22.013513513513512,0-3,-1
30,w0,100,61.0,4,148,0,COMPLETED_WALLTIME_REACHED,3315.0,148.0,3463.0,3254.0,3402.0,21.986486486486488,4-7,-1
31,w0,100,62.0,6,148,0,COMPLETED_WALLTIME_REACHED,3463.0,148.0,3611.0,3401.0,3549.0,22.97972972972973,0-5,-1
32,w0,100,64.0,5,149,0,COMPLETED_WALLTIME_REACHED,3611.0,149.0,3760.0,3547.0,3696.0,23.80536912751678,0-4,-1
33,w0,100,66.0,4,150,0,COMPLETED_WALLTIME_REACHED,3760.0,150.0,3910.0,3694.0,3844.0,24.626666666666665,0-3,-1
35,w0,100,82.0,3,147,0,COMPLETED_WALLTIME_REACHED,3910.0,147.0,4057.0,3828.0,3975.0,26.040816326530614,5-7,-1
34,w0,100,68.0,5,149,0,COMPLETED_WALLTIME_REACHED,3910.0,149.0,4059.0,3842.0,3991.0,25.78523489932886,0-4,-1
36,w0,100,83.0,4,149,0,COMPLETED_WALLTIME_REACHED,4059.0,149.0,4208.0,3976.0,4125.0,26.684563758389263,0-3,-1
37,w0,100,84.0,3,151,0,COMPLETED_WALLTIME_REACHED,4059.0,151.0,4210.0,3975.0,4126.0,26.32450331125828,4-6,-1
38,w0,100,84.0,5,150,0,COMPLETED_WALLTIME_REACHED,4208.0,150.0,4358.0,4124.0,4274.0,27.493333333333332,0-3 7,-1
39,w0,100,84.0,4,150,0,COMPLETED_WALLTIME_REACHED,4358.0,150.0,4508.0,4274.0,4424.0,28.493333333333332,0-3,-1
40,w0,100,85.0,3,151,0,COMPLETED_WALLTIME_REACHED,4358.0,151.0,4509.0,4273.0,4424.0,28.29801324503311,4-6,-1
41,w0,100,86.0,5,152,0,COMPLETED_WALLTIME_REACHED,4508.0,152.0,4660.0,4422.0,4574.0,29.092105263157894,0-3 7,-1
42,w0,100,89.0,4,148,0,COMPLETED_WALLTIME_REACHED,4660.0,148.0,4808.0,4571.0,4719.0,30.885135135135137,0-3,-1
43,w0,100,90.0,3,150,0,COMPLETED_WALLTIME_REACHED,4660.0,150.0,4810.0,4570.0,4720.0,30.466666666666665,4-6,-1
44,w0,100,91.0,6,145,0,COMPLETED_WALLTIME_REACHED,4810.0,145.0,4955.0,4719.0,4864.0,32.5448275862069,0-5,-1
46,w0,100,91.0,4,150,0,COMPLETED_WALLTIME_REACHED,4955.0,150.0,5105.0,4864.0,5014.0,32.42666666666667,4-7,-1
45,w0,100,91.0,4,151,0,COMPLETED_WALLTIME_REACHED,4955.0,151.0,5106.0,4864.0,5015.0,32.211920529801326,0-3,-1
47,w0,100,94.0,5,149,0,COMPLETED_WALLTIME_REACHED,5106.0,149.0,5255.0,5012.0,5161.0,33.63758389261745,0-4,-1
48,w0,100,96.0,4,149,0,COMPLETED_WALLTIME_REACHED,5255.0,149.0,5404.0,5159.0,5308.0,34.624161073825505,0-3,-1
49,w0,100,100.0,3,150,0,COMPLETED_WALLTIME_REACHED,5255.0,150.0,5405.0,5155.0,5305.0,34.36666666666667,4-6,-1
50,w0,100,103.0,5,149,0,COMPLETED_WALLTIME_REACHED,5404.0,149.0,5553.0,5301.0,5450.0,35.577181208053695,0-3 7,-1
51,w0,100,103.0,5,147,0,COMPLETED_WALLTIME_REACHED,5553.0,147.0,5700.0,5450.0,5597.0,37.074829931972786,0-4,-1
52,w0,100,105.0,4,149,0,COMPLETED_WALLTIME_REACHED,5700.0,149.0,5849.0,5595.0,5744.0,37.5503355704698,0-3,-1
53,w0,100,108.0,4,152,0,COMPLETED_WALLTIME_REACHED,5700.0,152.0,5852.0,5592.0,5744.0,36.78947368421053,4-7,-1
54,w0,100,120.0,6,147,0,COMPLETED_WALLTIME_REACHED,5852.0,147.0,5999.0,5732.0,5879.0,38.993197278911566,0-5,-1
55,w0,100,125.0,6,152,0,COMPLETED_WALLTIME_REACHED,5999.0,152.0,6151.0,5874.0,6026.0,38.64473684210526,0-5,-1
56,w0,100,129.0,5,147,0,COMPLETED_WALLTIME_REACHED,6151.0,147.0,6298.0,6022.0,6169.0,40.965986394557824,0-4,-1
57,w0,100,132.0,6,147,0,COMPLETED_WALLTIME_REACHED,6298.0,147.0,6445.0,6166.0,6313.0,41.945578231292515,0-5,-1
58,w0,100,133.0,4,150,0,COMPLETED_WALLTIME_REACHED,6445.0,150.0,6595.0,6312.0,6462.0,42.08,0-3,-1
59,w0,100,134.0,5,148,0,COMPLETED_WALLTIME_REACHED,6595.0,148.0,6743.0,6461.0,6609.0,43.6554054054054,0-4,-1
60,w0,100,135.0,4,150,0,COMPLETED_WALLTIME_REACHED,6743.0,150.0,6893.0,6608.0,6758.0,44.053333333333335,0-3,-1
61,w0,100,138.0,6,151,0,COMPLETED_WALLTIME_REACHED,6893.0,151.0,7044.0,6755.0,6906.0,44.735099337748345,0-5,-1
62,w0,100,140.0,4,150,0,COMPLETED_WALLTIME_REACHED,7044.0,150.0,7194.0,6904.0,7054.0,46.026666666666664,0-3,-1
63,w0,100,140.0,5,151,0,COMPLETED_WALLTIME_REACHED,7194.0,151.0,7345.0,7054.0,7205.0,46.71523178807947,0-4,-1
64,w0,100,142.0,5,151,0,COMPLETED_WALLTIME_REACHED,7345.0,151.0,7496.0,7203.0,7354.0,47.70198675496689,0-4,-1
65,w0,100,144.0,5,147,0,COMPLETED_WALLTIME_REACHED,7496.0,147.0,7643.0,7352.0,7499.0,50.01360544217687,0-4,-1
66,w0,100,145.0,5,148,0,COMPLETED_WALLTIME_REACHED,7643.0,148.0,7791.0,7498.0,7646.0,50.66216216216216,0-4,-1
67,w0,100,145.0,6,150,0,COMPLETED_WALLTIME_REACHED,7791.0,150.0,7941.0,7646.0,7796.0,50.973333333333336,0-5,-1
69,w0,100,146.0,3,151,0,COMPLETED_WALLTIME_REACHED,7941.0,151.0,8092.0,7795.0,7946.0,51.62251655629139,4-6,-1
68,w0,100,146.0,4,153,0,COMPLETED_WALLTIME_REACHED,7941.0,153.0,8094.0,7795.0,7948.0,50.947712418300654,0-3,-1
70,w0,100,154.0,6,149,0,COMPLETED_WALLTIME_REACHED,8094.0,149.0,8243.0,7940.0,8089.0,53.288590604026844,0-5,-1
71,w0,100,154.0,4,150,0,COMPLETED_WALLTIME_REACHED,8243.0,150.0,8393.0,8089.0,8239.0,53.92666666666667,0-3,-1
72,w0,100,155.0,6,153,0,COMPLETED_WALLTIME_REACHED,8393.0,153.0,8546.0,8238.0,8391.0,53.84313725490196,0-5,-1
73,w0,100,158.0,5,152,0,COMPLETED_WALLTIME_REACHED,8546.0,152.0,8698.0,8388.0,8540.0,55.18421052631579,0-4,-1
74,w0,100,159.0,6,149,0,COMPLETED_WALLTIME_REACHED,8698.0,149.0,8847.0,8539.0,8688.0,57.308724832214764,0-5,-1
75,w0,100,161.0,5,151,0,COMPLETED_WALLTIME_REACHED,8847.0,151.0,8998.0,8686.0,8837.0,57.52317880794702,0-4,-1
76,w0,100,164.0,7,146,0,COMPLETED_WALLTIME_REACHED,8998.0,146.0,9144.0,8834.0,8980.0,60.50684931506849,0-6,-1
77,w0,100,166.0,6,151,0,COMPLETED_WALLTIME_REACHED,9144.0,151.0,9295.0,8978.0,9129.0,59.45695364238411,0-5,-1
78,w0,100,168.0,4,148,0,COMPLETED_WALLTIME_REACHED,9295.0,148.0,9443.0,9127.0,9275.0,61.66891891891892,0-3,-1
79,w0,100,169.0,7,152,0,COMPLETED_WALLTIME_REACHED,9443.0,152.0,9595.0,9274.0,9426.0,61.01315789473684,0-6,-1
80,w0,100,182.0,5,152,0,COMPLETED_WALLTIME_REACHED,9595.0,152.0,9747.0,9413.0,9565.0,61.92763157894737,0-4,-1
82,w0,100,185.0,3,147,0,COMPLETED_WALLTIME_REACHED,9747.0,147.0,9894.0,9562.0,9709.0,65.04761904761905,5-7,-1
81,w0,100,184.0,5,151,0,COMPLETED_WALLTIME_REACHED,9747.0,151.0,9898.0,9563.0,9714.0,63.33112582781457,0-4,-1
84,w0,100,186.0,5,148,0,COMPLETED_WALLTIME_REACHED,9898.0,148.0,10046.0,9712.0,9860.0,65.62162162162163,0-4,-1
83,w0,100,186.0,3,153,0,COMPLETED_WALLTIME_REACHED,9894.0,153.0,10047.0,9708.0,9861.0,63.450980392156865,5-7,-1
86,w0,100,188.0,3,147,0,COMPLETED_WALLTIME_REACHED,10047.0,147.0,10194.0,9859.0,10006.0,67.06802721088435,4-6,-1
85,w0,100,187.0,4,153,0,COMPLETED_WALLTIME_REACHED,10046.0,153.0,10199.0,9859.0,10012.0,64.43790849673202,0-3,-1
87,w0,100,190.0,4,149,0,COMPLETED_WALLTIME_REACHED,10194.0,149.0,10343.0,10004.0,10153.0,67.14093959731544,4-7,-1
88,w0,100,191.0,4,151,0,COMPLETED_WALLTIME_REACHED,10199.0,151.0,10350.0,10008.0,10159.0,66.27814569536424,0-3,-1
89,w0,100,197.0,5,150,0,COMPLETED_WALLTIME_REACHED,10350.0,150.0,10500.0,10153.0,10303.0,67.68666666666667,0-4,-1
90,w0,100,199.0,5,151,0,COMPLETED_WALLTIME_REACHED,10500.0,151.0,10651.0,10301.0,10452.0,68.21854304635761,0-4,-1
91,w0,100,200.0,5,151,0,COMPLETED_WALLTIME_REACHED,10651.0,151.0,10802.0,10451.0,10602.0,69.21192052980132,0-4,-1
93,w0,100,202.0,2,145,0,COMPLETED_WALLTIME_REACHED,10802.0,145.0,10947.0,10600.0,10745.0,73.10344827586206,4-5,-1
92,w0,100,200.0,4,151,0,COMPLETED_WALLTIME_REACHED,10802.0,151.0,10953.0,10602.0,10753.0,70.21192052980132,0-3,-1
94,w0,100,203.0,3,151,0,COMPLETED_WALLTIME_REACHED,10947.0,151.0,11098.0,10744.0,10895.0,71.1523178807947,4-6,-1
95,w0,100,203.0,3,149,0,COMPLETED_WALLTIME_REACHED,10953.0,149.0,11102.0,10750.0,10899.0,72.14765100671141,0-2,-1
96,w0,100,204.0,5,148,0,COMPLETED_WALLTIME_REACHED,11098.0,148.0,11246.0,10894.0,11042.0,73.60810810810811,3-7,-1
97,w0,100,204.0,6,146,0,COMPLETED_WALLTIME_REACHED,11246.0,146.0,11392.0,11042.0,11188.0,75.63013698630137,0-5,-1
98,w0,100,208.0,4,154,0,COMPLETED_WALLTIME_REACHED,11392.0,154.0,11546.0,11184.0,11338.0,72.62337662337663,0-3,-1
99,w0,100,209.0,6,150,0,COMPLETED_WALLTIME_REACHED,11546.0,150.0,11696.0,11337.0,11487.0,75.58,0-5,-1
100,w0,100,210.0,5,148,0,COMPLETED_WALLTIME_REACHED,11696.0,148.0,11844.0,11486.0,11634.0,77.60810810810811,0-4,-1
101,w0,100,212.0,5,153,0,COMPLETED_WALLTIME_REACHED,11844.0,153.0,11997.0,11632.0,11785.0,76.02614379084967,0-4,-1
102,w0,100,216.0,4,148,0,COMPLETED_WALLTIME_REACHED,11997.0,148.0,12145.0,11781.0,11929.0,79.60135135135135,0-3,-1
103,w0,100,220.0,4,149,0,COMPLETED_WALLTIME_REACHED,11997.0,149.0,12146.0,11777.0,11926.0,79.04026845637584,4-7,-1
105,w0,100,224.0,4,149,0,COMPLETED_WALLTIME_REACHED,12146.0,149.0,12295.0,11922.0,12071.0,80.01342281879195,4-7,-1
104,w0,100,223.0,4,152,0,COMPLETED_WALLTIME_REACHED,12145.0,152.0,12297.0,11922.0,12074.0,78.4342105263158,0-3,-1
106,w0,100,226.0,4,151,0,COMPLETED_WALLTIME_REACHED,12295.0,151.0,12446.0,12069.0,12220.0,79.9271523178808,4-7,-1
107,w0,100,229.0,5,152,0,COMPLETED_WALLTIME_REACHED,12446.0,152.0,12598.0,12217.0,12369.0,80.375,0-4,-1
108,w0,100,229.0,4,150,0,COMPLETED_WALLTIME_REACHED,12598.0,150.0,12748.0,12369.0,12519.0,82.46,0-3,-1
109,w0,100,230.0,5,153,0,COMPLETED_WALLTIME_REACHED,12748.0,153.0,12901.0,12518.0,12671.0,81.81699346405229,0-4,-1
110,w0,100,236.0,6,150,0,COMPLETED_WALLTIME_REACHED,12901.0,150.0,13051.0,12665.0,12815.0,84.43333333333334,0-5,-1
112,w0,100,243.0,2,149,0,COMPLETED_WALLTIME_REACHED,13051.0,149.0,13200.0,12808.0,12957.0,85.95973154362416,4-5,-1
111,w0,100,237.0,4,155,0,COMPLETED_WALLTIME_REACHED,13051.0,155.0,13206.0,12814.0,12969.0,82.67096774193548,0-3,-1
113,w0,100,247.0,5,151,0,COMPLETED_WALLTIME_REACHED,13206.0,151.0,13357.0,12959.0,13110.0,85.82119205298014,0-4,-1
114,w0,100,249.0,4,151,0,COMPLETED_WALLTIME_REACHED,13357.0,151.0,13508.0,13108.0,13259.0,86.80794701986756,0-3,-1
115,w0,100,254.0,4,153,0,COMPLETED_WALLTIME_REACHED,13357.0,153.0,13510.0,13103.0,13256.0,85.640522875817,4-7,-1
116,w0,100,257.0,4,153,0,COMPLETED_WALLTIME_REACHED,13508.0,153.0,13661.0,13251.0,13404.0,86.6078431372549,0-3,-1
117,w0,100,257.0,5,152,0,COMPLETED_WALLTIME_REACHED,13661.0,152.0,13813.0,13404.0,13556.0,88.1842105263158,0-4,-1
118,w0,100,257.0,5,150,0,COMPLETED_WALLTIME_REACHED,13813.0,150.0,13963.0,13556.0,13706.0,90.37333333333333,0-4,-1
120,w0,100,258.0,3,150,0,COMPLETED_WALLTIME_REACHED,13963.0,150.0,14113.0,13705.0,13855.0,91.36666666666666,4-6,-1
119,w0,100,258.0,4,152,0,COMPLETED_WALLTIME_REACHED,13963.0,152.0,14115.0,13705.0,13857.0,90.16447368421052,0-3,-1
121,w0,100,259.0,4,152,0,COMPLETED_WALLTIME_REACHED,14113.0,152.0,14265.0,13854.0,14006.0,91.14473684210526,4-7,-1
122,w0,100,262.0,5,150,0,COMPLETED_WALLTIME_REACHED,14265.0,150.0,14415.0,14003.0,14153.0,93.35333333333334,0-4,-1
124,w0,100,270.0,4,147,0,COMPLETED_WALLTIME_REACHED,14415.0,147.0,14562.0,14145.0,14292.0,96.22448979591837,4-7,-1
123,w0,100,264.0,4,149,0,COMPLETED_WALLTIME_REACHED,14415.0,149.0,14564.0,14151.0,14300.0,94.97315436241611,0-3,-1
125,w0,100,271.0,6,152,0,COMPLETED_WALLTIME_REACHED,14564.0,152.0,14716.0,14293.0,14445.0,94.03289473684211,0-5,-1
126,w0,100,272.0,5,152,0,COMPLETED_WALLTIME_REACHED,14716.0,152.0,14868.0,14444.0,14596.0,95.02631578947368,0-4,-1
127,w0,100,274.0,5,151,0,COMPLETED_WALLTIME_REACHED,14868.0,151.0,15019.0,14594.0,14745.0,96.64900662251655,0-4,-1
128,w0,100,276.0,4,153,0,COMPLETED_WALLTIME_REACHED,15019.0,153.0,15172.0,14743.0,14896.0,96.359477124183,0-3,-1
130,w0,100,280.0,2,149,0,COMPLETED_WALLTIME_REACHED,15172.0,149.0,15321.0,14892.0,15041.0,99.94630872483222,5-6,-1
129,w0,100,277.0,5,151,0,COMPLETED_WALLTIME_REACHED,15172.0,151.0,15323.0,14895.0,15046.0,98.64238410596026,0-4,-1
131,w0,100,281.0,5,149,0,COMPLETED_WALLTIME_REACHED,15323.0,149.0,15472.0,15042.0,15191.0,100.95302013422818,0-4,-1
132,w0,100,282.0,5,147,0,COMPLETED_WALLTIME_REACHED,15472.0,147.0,15619.0,15190.0,15337.0,103.33333333333333,0-4,-1
133,w0,100,283.0,5,149,0,COMPLETED_WALLTIME_REACHED,15619.0,149.0,15768.0,15336.0,15485.0,102.9261744966443,0-4,-1
134,w0,100,291.0,5,151,0,COMPLETED_WALLTIME_REACHED,15768.0,151.0,15919.0,15477.0,15628.0,102.49668874172185,0-4,-1
135,w0,100,293.0,4,149,0,COMPLETED_WALLTIME_REACHED,15919.0,149.0,16068.0,15626.0,15775.0,104.87248322147651,0-3,-1
137,w0,100,293.0,2,147,0,COMPLETED_WALLTIME_REACHED,16068.0,147.0,16215.0,15775.0,15922.0,107.31292517006803,5-6,-1
136,w0,100,293.0,5,153,0,COMPLETED_WALLTIME_REACHED,16068.0,153.0,16221.0,15775.0,15928.0,103.10457516339869,0-4,-1
138,w0,100,293.0,4,147,0,COMPLETED_WALLTIME_REACHED,16221.0,147.0,16368.0,15928.0,16075.0,108.35374149659864,0-3,-1
139,w0,100,294.0,4,148,0,COMPLETED_WALLTIME_REACHED,16221.0,148.0,16369.0,15927.0,16075.0,107.61486486486487,4-7,-1
140,w0,100,296.0,4,151,0,COMPLETED_WALLTIME_REACHED,16368.0,151.0,16519.0,16072.0,16223.0,106.43708609271523,0-3,-1
141,w0,100,299.0,5,149,0,COMPLETED_WALLTIME_REACHED,16519.0,149.0,16668.0,16220.0,16369.0,108.85906040268456,0-4,-1
142,w0,100,301.0,5,149,0,COMPLETED_WALLTIME_REACHED,16668.0,149.0,16817.0,16367.0,16516.0,109.84563758389261,0-4,-1
143,w0,100,302.0,3,151,0,COMPLETED_WALLTIME_REACHED,16668.0,151.0,16819.0,16366.0,16517.0,108.3841059602649,5-7,-1
144,w0,100,305.0,5,151,0,COMPLETED_WALLTIME_REACHED,16817.0,151.0,16968.0,16512.0,16663.0,109.35099337748345,0-4,-1
145,w0,100,306.0,5,150,0,COMPLETED_WALLTIME_REACHED,16968.0,150.0,17118.0,16662.0,16812.0,111.08,0-4,-1
146,w0,100,307.0,6,152,0,COMPLETED_WALLTIME_REACHED,17118.0,152.0,17270.0,16811.0,16963.0,110.59868421052632,0-5,-1
147,w0,100,308.0,3,148,0,COMPLETED_WALLTIME_REACHED,17270.0,148.0,17418.0,16962.0,17110.0,114.60810810810811,0-2,-1
148,w0,100,313.0,3,152,0,COMPLETED_WALLTIME_REACHED,17270.0,152.0,17422.0,16957.0,17109.0,111.5592105263158,3-5,-1
149,w0,100,313.0,5,151,0,COMPLETED_WALLTIME_REACHED,17418.0,151.0,17569.0,17105.0,17256.0,113.27814569536424,0-2 6-7,-1
150,w0,100,314.0,4,150,0,COMPLETED_WALLTIME_REACHED,17569.0,150.0,17719.0,17255.0,17405.0,115.03333333333333,0-3,-1
151,w0,100,318.0,4,152,0,COMPLETED_WALLTIME_REACHED,17569.0,152.0,17721.0,17251.0,17403.0,113.49342105263158,4-7,-1
152,w0,100,318.0,7,151,0,COMPLETED_WALLTIME_REACHED,17721.0,151.0,17872.0,17403.0,17554.0,115.25165562913908,0-6,-1
153,w0,100,319.0,6,148,0,COMPLETED_WALLTIME_REACHED,17872.0,148.0,18020.0,17553.0,17701.0,118.60135135135135,0-5,-1
154,w0,100,321.0,6,149,0,COMPLETED_WALLTIME_REACHED,18020.0,149.0,18169.0,17699.0,17848.0,118.78523489932886,0-5,-1
155,w0,100,323.0,4,148,0,COMPLETED_WALLTIME_REACHED,18169.0,148.0,18317.0,17846.0,17994.0,120.58108108108108,0-3,-1
156,w0,100,324.0,4,148,0,COMPLETED_WALLTIME_REACHED,18169.0,148.0,18317.0,17845.0,17993.0,120.57432432432432,4-7,-1
157,w0,100,324.0,4,152,0,COMPLETED_WALLTIME_REACHED,18317.0,152.0,18469.0,17993.0,18145.0,118.375,0-3,-1
158,w0,100,326.0,5,146,0,COMPLETED_WALLTIME_REACHED,18469.0,146.0,18615.0,18143.0,18289.0,124.26712328767124,0-4,-1
159,w0,100,326.0,5,153,0,COMPLETED_WALLTIME_REACHED,18615.0,153.0,18768.0,18289.0,18442.0,119.5359477124183,0-4,-1
160,w0,100,326.0,4,149,0,COMPLETED_WALLTIME_REACHED,18768.0,149.0,18917.0,18442.0,18591.0,123.77181208053692,0-3,-1
161,w0,100,332.0,5,145,0,COMPLETED_WALLTIME_REACHED,18917.0,145.0,19062.0,18585.0,18730.0,128.17241379310346,0-4,-1
162,w0,100,333.0,3,149,0,COMPLETED_WALLTIME_REACHED,18917.0,149.0,19066.0,18584.0,18733.0,124.7248322147651,5-7,-1
163,w0,100,333.0,3,152,0,COMPLETED_WALLTIME_REACHED,19062.0,152.0,19214.0,18729.0,18881.0,123.21710526315789,0-2,-1
164,w0,100,334.0,6,149,0,COMPLETED_WALLTIME_REACHED,19214.0,149.0,19363.0,18880.0,19029.0,126.71140939597315,0-5,-1
165,w0,100,338.0,5,151,0,COMPLETED_WALLTIME_REACHED,19363.0,151.0,19514.0,19025.0,19176.0,125.99337748344371,0-4,-1
166,w0,100,340.0,4,150,0,COMPLETED_WALLTIME_REACHED,19514.0,150.0,19664.0,19174.0,19324.0,127.82666666666667,0-3,-1
167,w0,100,341.0,5,150,0,COMPLETED_WALLTIME_REACHED,19664.0,150.0,19814.0,19323.0,19473.0,128.82,0-4,-1
168,w0,100,342.0,5,152,0,COMPLETED_WALLTIME_REACHED,19814.0,152.0,19966.0,19472.0,19624.0,128.10526315789474,0-4,-1
169,w0,100,342.0,6,151,0,COMPLETED_WALLTIME_REACHED,19966.0,151.0,20117.0,19624.0,19775.0,129.96026490066225,0-5,-1
170,w0,100,342.0,3,152,0,COMPLETED_WALLTIME_REACHED,20117.0,152.0,20269.0,19775.0,19927.0,130.09868421052633,0-2,-1
171,w0,100,344.0,5,152,0,COMPLETED_WALLTIME_REACHED,20117.0,152.0,20269.0,19773.0,19925.0,130.08552631578948,3-7,-1
172,w0,100,348.0,4,149,0,COMPLETED_WALLTIME_REACHED,20269.0,149.0,20418.0,19921.0,20070.0,133.6979865771812,0-3,-1
174,w0,100,350.0,3,149,0,COMPLETED_WALLTIME_REACHED,20418.0,149.0,20567.0,20068.0,20217.0,134.68456375838926,5-7,-1
173,w0,100,349.0,5,151,0,COMPLETED_WALLTIME_REACHED,20418.0,151.0,20569.0,20069.0,20220.0,132.90728476821192,0-4,-1
175,w0,100,351.0,5,147,0,COMPLETED_WALLTIME_REACHED,20569.0,147.0,20716.0,20218.0,20365.0,137.5374149659864,0-4,-1
176,w0,100,355.0,6,150,0,COMPLETED_WALLTIME_REACHED,20716.0,150.0,20866.0,20361.0,20511.0,135.74,0-5,-1
177,w0,100,358.0,5,151,0,COMPLETED_WALLTIME_REACHED,20866.0,151.0,21017.0,20508.0,20659.0,135.81456953642385,0-4,-1
178,w0,100,360.0,4,152,0,COMPLETED_WALLTIME_REACHED,21017.0,152.0,21169.0,20657.0,20809.0,135.90131578947367,0-3,-1
179,w0,100,360.0,5,151,0,COMPLETED_WALLTIME_REACHED,21169.0,151.0,21320.0,20809.0,20960.0,137.80794701986756,0-4,-1
180,w0,100,363.0,4,149,0,COMPLETED_WALLTIME_REACHED,21320.0,149.0,21469.0,20957.0,21106.0,140.6510067114094,0-3,-1
181,w0,100,370.0,5,151,0,COMPLETED_WALLTIME_REACHED,21469.0,151.0,21620.0,21099.0,21250.0,139.72847682119206,0-4,-1
182,w0,100,372.0,3,151,0,COMPLETED_WALLTIME_REACHED,21469.0,151.0,21620.0,21097.0,21248.0,139.71523178807948,5-7,-1
184,w0,100,373.0,4,147,0,COMPLETED_WALLTIME_REACHED,21620.0,147.0,21767.0,21247.0,21394.0,144.5374149659864,4-7,-1
183,w0,100,372.0,4,149,0,COMPLETED_WALLTIME_REACHED,21620.0,149.0,21769.0,21248.0,21397.0,142.60402684563758,0-3,-1
185,w0,100,373.0,5,149,0,COMPLETED_WALLTIME_REACHED,21769.0,149.0,21918.0,21396.0,21545.0,143.59731543624162,0-4,-1
186,w0,100,374.0,5,149,0,COMPLETED_WALLTIME_REACHED,21918.0,149.0,22067.0,21544.0,21693.0,144.59060402684563,0-4,-1
187,w0,100,377.0,5,146,0,COMPLETED_WALLTIME_REACHED,22067.0,146.0,22213.0,21690.0,21836.0,148.56164383561645,0-4,-1
188,w0,100,377.0,6,152,0,COMPLETED_WALLTIME_REACHED,22213.0,152.0,22365.0,21836.0,21988.0,143.6578947368421,0-5,-1
189,w0,100,379.0,4,149,0,COMPLETED_WALLTIME_REACHED,22365.0,149.0,22514.0,21986.0,22135.0,147.55704697986576,0-3,-1
190,w0,100,380.0,6,151,0,COMPLETED_WALLTIME_REACHED,22514.0,151.0,22665.0,22134.0,22285.0,146.58278145695365,0-5,-1
191,w0,100,380.0,3,151,0,COMPLETED_WALLTIME_REACHED,22665.0,151.0,22816.0,22285.0,22436.0,147.58278145695365,0-2,-1
192,w0,100,382.0,7,152,0,COMPLETED_WALLTIME_REACHED,22816.0,152.0,22968.0,22434.0,22586.0,147.5921052631579,0-6,-1
193,w0,100,383.0,4,151,0,COMPLETED_WALLTIME_REACHED,22968.0,151.0,23119.0,22585.0,22736.0,149.56953642384107,0-3,-1
194,w0,100,388.0,3,152,0,COMPLETED_WALLTIME_REACHED,22968.0,152.0,23120.0,22580.0,22732.0,148.55263157894737,4-6,-1
195,w0,100,390.0,4,150,0,COMPLETED_WALLTIME_REACHED,23119.0,150.0,23269.0,22729.0,22879.0,151.52666666666667,0-3,-1
196,w0,100,396.0,5,147,0,COMPLETED_WALLTIME_REACHED,23269.0,147.0,23416.0,22873.0,23020.0,155.59863945578232,0-4,-1
197,w0,100,401.0,5,151,0,COMPLETED_WALLTIME_REACHED,23416.0,151.0,23567.0,23015.0,23166.0,152.41721854304635,0-4,-1
198,w0,100,401.0,4,152,0,COMPLETED_WALLTIME_REACHED,23567.0,152.0,23719.0,23166.0,23318.0,152.4078947368421,0-3,-1
199,w0,100,402.0,5,149,0,COMPLETED_WALLTIME_REACHED,23719.0,149.0,23868.0,23317.0,23466.0,156.48993288590603,0-4,-1
200,w0,100,403.0,7,149,0,COMPLETED_WALLTIME_REACHED,23868.0,149.0,24017.0,23465.0,23614.0,157.48322147651007,0-6,-1
201,w0,100,404.0,5,153,0,COMPLETED_WALLTIME_REACHED,24017.0,153.0,24170.0,23613.0,23766.0,154.33333333333334,0-4,-1
202,w0,100,411.0,4,152,0,COMPLETED_WALLTIME_REACHED,24170.0,152.0,24322.0,23759.0,23911.0,156.30921052631578,0-3,-1
203,w0,100,416.0,3,152,0,COMPLETED_WALLTIME_REACHED,24170.0,152.0,24322.0,23754.0,23906.0,156.27631578947367,4-6,-1
204,w0,100,418.0,5,149,0,COMPLETED_WALLTIME_REACHED,24322.0,149.0,24471.0,23904.0,24053.0,160.4295302013423,0-4,-1
205,w0,100,419.0,6,147,0,COMPLETED_WALLTIME_REACHED,24471.0,147.0,24618.0,24052.0,24199.0,163.61904761904762,0-5,-1
206,w0,100,422.0,5,148,0,COMPLETED_WALLTIME_REACHED,24618.0,148.0,24766.0,24196.0,24344.0,163.48648648648648,0-4,-1
207,w0,100,422.0,4,150,0,COMPLETED_WALLTIME_REACHED,24766.0,150.0,24916.0,24344.0,24494.0,162.29333333333332,0-3,-1
208,w0,100,426.0,6,152,0,COMPLETED_WALLTIME_REACHED,24916.0,152.0,25068.0,24490.0,24642.0,161.1184210526316,0-5,-1
209,w0,100,427.0,5,149,0,COMPLETED_WALLTIME_REACHED,25068.0,149.0,25217.0,24641.0,24790.0,165.3758389261745,0-4,-1
210,w0,100,428.0,5,150,0,COMPLETED_WALLTIME_REACHED,25217.0,150.0,25367.0,24789.0,24939.0,165.26,0-4,-1
211,w0,100,429.0,5,153,0,COMPLETED_WALLTIME_REACHED,25367.0,153.0,25520.0,24938.0,25091.0,162.99346405228758,0-4,-1
212,w0,100,429.0,4,152,0,COMPLETED_WALLTIME_REACHED,25520.0,152.0,25672.0,25091.0,25243.0,165.07236842105263,0-3,-1
213,w0,100,430.0,5,151,0,COMPLETED_WALLTIME_REACHED,25672.0,151.0,25823.0,25242.0,25393.0,167.16556291390728,0-4,-1
214,w0,100,431.0,5,147,0,COMPLETED_WALLTIME_REACHED,25823.0,147.0,25970.0,25392.0,25539.0,172.73469387755102,0-4,-1
215,w0,100,432.0,4,151,0,COMPLETED_WALLTIME_REACHED,25970.0,151.0,26121.0,25538.0,25689.0,169.12582781456953,0-3,-1
216,w0,100,433.0,6,150,0,COMPLETED_WALLTIME_REACHED,26121.0,150.0,26271.0,25688.0,25838.0,171.25333333333333,0-5,-1
218,w0,100,436.0,2,150,0,COMPLETED_WALLTIME_REACHED,26271.0,150.0,26421.0,25835.0,25985.0,172.23333333333332,4-5,-1
217,w0,100,435.0,4,151,0,COMPLETED_WALLTIME_REACHED,26271.0,151.0,26422.0,25836.0,25987.0,171.09933774834437,0-3,-1
219,w0,100,438.0,5,149,0,COMPLETED_WALLTIME_REACHED,26422.0,149.0,26571.0,25984.0,26133.0,174.38926174496643,0-4,-1
220,w0,100,440.0,5,148,0,COMPLETED_WALLTIME_REACHED,26571.0,148.0,26719.0,26131.0,26279.0,176.5608108108108,0-4,-1
221,w0,100,440.0,4,147,0,COMPLETED_WALLTIME_REACHED,26719.0,147.0,26866.0,26279.0,26426.0,178.7687074829932,0-3,-1
222,w0,100,444.0,3,151,0,COMPLETED_WALLTIME_REACHED,26719.0,151.0,26870.0,26275.0,26426.0,174.0066225165563,4-6,-1
224,w0,100,445.0,3,145,0,COMPLETED_WALLTIME_REACHED,26870.0,145.0,27015.0,26425.0,26570.0,182.24137931034483,4-6,-1
223,w0,100,444.0,5,153,0,COMPLETED_WALLTIME_REACHED,26866.0,153.0,27019.0,26422.0,26575.0,172.69281045751634,0-3 7,-1
226,w0,100,445.0,5,146,0,COMPLETED_WALLTIME_REACHED,27019.0,146.0,27165.0,26574.0,26720.0,182.013698630137,0-3 6,-1
225,w0,100,445.0,2,153,0,COMPLETED_WALLTIME_REACHED,27015.0,153.0,27168.0,26570.0,26723.0,173.66013071895424,4-5,-1
227,w0,100,447.0,3,149,0,COMPLETED_WALLTIME_REACHED,27165.0,149.0,27314.0,26718.0,26867.0,179.31543624161074,0-2,-1
228,w0,100,451.0,5,149,0,COMPLETED_WALLTIME_REACHED,27168.0,149.0,27317.0,26717.0,26866.0,179.30872483221478,3-7,-1
229,w0,100,452.0,3,149,0,COMPLETED_WALLTIME_REACHED,27314.0,149.0,27463.0,26862.0,27011.0,180.28187919463087,0-2,-1
230,w0,100,455.0,5,148,0,COMPLETED_WALLTIME_REACHED,27317.0,148.0,27465.0,26862.0,27010.0,181.5,3-7,-1
231,w0,100,463.0,5,151,0,COMPLETED_WALLTIME_REACHED,27465.0,151.0,27616.0,27002.0,27153.0,178.82119205298014,0-4,-1
232,w0,100,463.0,5,155,0,COMPLETED_WALLTIME_REACHED,27616.0,155.0,27771.0,27153.0,27308.0,175.18064516129033,0-4,-1
233,w0,100,464.0,5,149,0,COMPLETED_WALLTIME_REACHED,27771.0,149.0,27920.0,27307.0,27456.0,183.26845637583892,0-4,-1
234,w0,100,467.0,5,153,0,COMPLETED_WALLTIME_REACHED,27920.0,153.0,28073.0,27453.0,27606.0,179.4313725490196,0-4,-1
235,w0,100,471.0,5,150,0,COMPLETED_WALLTIME_REACHED,28073.0,150.0,28223.0,27602.0,27752.0,184.01333333333332,0-4,-1
236,w0,100,475.0,4,147,0,COMPLETED_WALLTIME_REACHED,28223.0,147.0,28370.0,27748.0,27895.0,188.76190476190476,0-3,-1
237,w0,100,476.0,5,150,0,COMPLETED_WALLTIME_REACHED,28370.0,150.0,28520.0,27894.0,28044.0,185.96,0-4,-1
239,w0,100,477.0,3,150,0,COMPLETED_WALLTIME_REACHED,28520.0,150.0,28670.0,28043.0,28193.0,186.95333333333335,5-7,-1
238,w0,100,477.0,5,151,0,COMPLETED_WALLTIME_REACHED,28520.0,151.0,28671.0,28043.0,28194.0,185.71523178807948,0-4,-1
240,w0,100,483.0,3,147,0,COMPLETED_WALLTIME_REACHED,28670.0,147.0,28817.0,28187.0,28334.0,191.7482993197279,5-7,-1
241,w0,100,484.0,6,146,0,COMPLETED_WALLTIME_REACHED,28817.0,146.0,28963.0,28333.0,28479.0,194.06164383561645,0-5,-1
243,w0,100,494.0,4,148,0,COMPLETED_WALLTIME_REACHED,28963.0,148.0,29111.0,28469.0,28617.0,192.3581081081081,4-7,-1
242,w0,100,484.0,4,150,0,COMPLETED_WALLTIME_REACHED,28963.0,150.0,29113.0,28479.0,28629.0,189.86,0-3,-1
244,w0,100,497.0,5,151,0,COMPLETED_WALLTIME_REACHED,29113.0,151.0,29264.0,28616.0,28767.0,189.50993377483445,0-4,-1
245,w0,100,499.0,5,148,0,COMPLETED_WALLTIME_REACHED,29264.0,148.0,29412.0,28765.0,28913.0,194.3581081081081,0-4,-1
247,w0,100,503.0,3,148,0,COMPLETED_WALLTIME_REACHED,29412.0,148.0,29560.0,28909.0,29057.0,195.3310810810811,4-6,-1
246,w0,100,501.0,4,151,0,COMPLETED_WALLTIME_REACHED,29412.0,151.0,29563.0,28911.0,29062.0,191.46357615894038,0-3,-1
248,w0,100,503.0,5,150,0,COMPLETED_WALLTIME_REACHED,29563.0,150.0,29713.0,29060.0,29210.0,193.73333333333332,0-4,-1
249,w0,100,506.0,5,150,0,COMPLETED_WALLTIME_REACHED,29713.0,150.0,29863.0,29207.0,29357.0,194.71333333333334,0-4,-1
251,w0,100,513.0,3,150,0,COMPLETED_WALLTIME_REACHED,29863.0,150.0,30013.0,29350.0,29500.0,195.66666666666666,4-6,-1
250,w0,100,506.0,4,154,0,COMPLETED_WALLTIME_REACHED,29863.0,154.0,30017.0,29357.0,29511.0,190.62987012987014,0-3,-1
252,w0,100,517.0,4,150,0,COMPLETED_WALLTIME_REACHED,30013.0,150.0,30163.0,29496.0,29646.0,196.64,4-7,-1
253,w0,100,518.0,4,153,0,COMPLETED_WALLTIME_REACHED,30017.0,153.0,30170.0,29499.0,29652.0,192.80392156862746,0-3,-1
254,w0,100,518.0,5,150,0,COMPLETED_WALLTIME_REACHED,30170.0,150.0,30320.0,29652.0,29802.0,197.68,0-4,-1
255,w0,100,520.0,4,147,0,COMPLETED_WALLTIME_REACHED,30320.0,147.0,30467.0,29800.0,29947.0,202.72108843537416,0-3,-1
256,w0,100,521.0,5,147,0,COMPLETED_WALLTIME_REACHED,30467.0,147.0,30614.0,29946.0,30093.0,203.71428571428572,0-4,-1
257,w0,100,522.0,5,151,0,COMPLETED_WALLTIME_REACHED,30614.0,151.0,30765.0,30092.0,30243.0,199.28476821192052,0-4,-1
258,w0,100,523.0,4,150,0,COMPLETED_WALLTIME_REACHED,30765.0,150.0,30915.0,30242.0,30392.0,201.61333333333334,0-3,-1
259,w0,100,523.0,5,149,0,COMPLETED_WALLTIME_REACHED,30915.0,149.0,31064.0,30392.0,30541.0,203.9731543624161,0-4,-1
260,w0,100,525.0,5,148,0,COMPLETED_WALLTIME_REACHED,31064.0,148.0,31212.0,30539.0,30687.0,206.34459459459458,0-4,-1
261,w0,100,526.0,5,149,0,COMPLETED_WALLTIME_REACHED,31212.0,149.0,31361.0,30686.0,30835.0,205.94630872483222,0-4,-1
263,w0,100,531.0,3,147,0,COMPLETED_WALLTIME_REACHED,31361.0,147.0,31508.0,30830.0,30977.0,209.7278911564626,4-6,-1
262,w0,100,528.0,4,152,0,COMPLETED_WALLTIME_REACHED,31361.0,152.0,31513.0,30833.0,30985.0,202.84868421052633,0-3,-1
264,w0,100,532.0,5,150,0,COMPLETED_WALLTIME_REACHED,31513.0,150.0,31663.0,30981.0,31131.0,206.54,0-4,-1
265,w0,100,533.0,5,151,0,COMPLETED_WALLTIME_REACHED,31663.0,151.0,31814.0,31130.0,31281.0,206.158940397351,0-4,-1
267,w0,100,537.0,4,146,0,COMPLETED_WALLTIME_REACHED,31814.0,146.0,31960.0,31277.0,31423.0,214.22602739726028,4-7,-1
266,w0,100,534.0,4,149,0,COMPLETED_WALLTIME_REACHED,31814.0,149.0,31963.0,31280.0,31429.0,209.93288590604027,0-3,-1
268,w0,100,537.0,5,147,0,COMPLETED_WALLTIME_REACHED,31963.0,147.0,32110.0,31426.0,31573.0,213.78231292517006,0-4,-1
269,w0,100,538.0,5,152,0,COMPLETED_WALLTIME_REACHED,32110.0,152.0,32262.0,31572.0,31724.0,207.71052631578948,0-4,-1
270,w0,100,539.0,5,151,0,COMPLETED_WALLTIME_REACHED,32262.0,151.0,32413.0,31723.0,31874.0,210.08609271523179,0-4,-1
271,w0,100,540.0,3,153,0,COMPLETED_WALLTIME_REACHED,32262.0,153.0,32415.0,31722.0,31875.0,207.33333333333334,5-7,-1
272,w0,100,542.0,4,148,0,COMPLETED_WALLTIME_REACHED,32413.0,148.0,32561.0,31871.0,32019.0,215.34459459459458,0-3,-1
273,w0,100,542.0,4,151,0,COMPLETED_WALLTIME_REACHED,32415.0,151.0,32566.0,31873.0,32024.0,211.0794701986755,4-7,-1
274,w0,100,544.0,5,148,0,COMPLETED_WALLTIME_REACHED,32566.0,148.0,32714.0,32022.0,32170.0,216.36486486486487,0-4,-1
275,w0,100,545.0,3,151,0,COMPLETED_WALLTIME_REACHED,32566.0,151.0,32717.0,32021.0,32172.0,212.05960264900662,5-7,-1
276,w0,100,553.0,4,150,0,COMPLETED_WALLTIME_REACHED,32714.0,150.0,32864.0,32161.0,32311.0,214.40666666666667,0-3,-1
277,w0,100,554.0,4,151,0,COMPLETED_WALLTIME_REACHED,32717.0,151.0,32868.0,32163.0,32314.0,213.0,4-7,-1
278,w0,100,555.0,5,151,0,COMPLETED_WALLTIME_REACHED,32868.0,151.0,33019.0,32313.0,32464.0,213.9933774834437,0-4,-1
279,w0,100,560.0,5,149,0,COMPLETED_WALLTIME_REACHED,33019.0,149.0,33168.0,32459.0,32608.0,217.84563758389262,0-4,-1
280,w0,100,561.0,5,151,0,COMPLETED_WALLTIME_REACHED,33168.0,151.0,33319.0,32607.0,32758.0,215.94039735099338,0-4,-1
281,w0,100,562.0,6,150,0,COMPLETED_WALLTIME_REACHED,33319.0,150.0,33469.0,32757.0,32907.0,218.38,0-5,-1
282,w0,100,566.0,4,147,0,COMPLETED_WALLTIME_REACHED,33469.0,147.0,33616.0,32903.0,33050.0,223.82993197278913,0-3,-1
283,w0,100,569.0,5,150,0,COMPLETED_WALLTIME_REACHED,33616.0,150.0,33766.0,33047.0,33197.0,220.31333333333333,0-4,-1
284,w0,100,577.0,6,149,0,COMPLETED_WALLTIME_REACHED,33766.0,149.0,33915.0,33189.0,33338.0,222.74496644295303,0-5,-1
285,w0,100,578.0,4,149,0,COMPLETED_WALLTIME_REACHED,33915.0,149.0,34064.0,33337.0,33486.0,223.73825503355704,0-3,-1
286,w0,100,579.0,3,152,0,COMPLETED_WALLTIME_REACHED,33915.0,152.0,34067.0,33336.0,33488.0,219.31578947368422,4-6,-1
287,w0,100,580.0,3,146,0,COMPLETED_WALLTIME_REACHED,34064.0,146.0,34210.0,33484.0,33630.0,229.34246575342465,0-2,-1
288,w0,100,584.0,5,153,0,COMPLETED_WALLTIME_REACHED,34067.0,153.0,34220.0,33483.0,33636.0,218.84313725490196,3-7,-1
289,w0,100,585.0,4,153,0,COMPLETED_WALLTIME_REACHED,34220.0,153.0,34373.0,33635.0,33788.0,219.83660130718954,0-3,-1
290,w0,100,592.0,5,148,0,COMPLETED_WALLTIME_REACHED,34373.0,148.0,34521.0,33781.0,33929.0,228.25,0-4,-1
291,w0,100,594.0,4,152,0,COMPLETED_WALLTIME_REACHED,34521.0,152.0,34673.0,33927.0,34079.0,223.20394736842104,0-3,-1
292,w0,100,599.0,5,152,0,COMPLETED_WALLTIME_REACHED,34673.0,152.0,34825.0,34074.0,34226.0,224.17105263157896,0-4,-1
293,w0,100,601.0,4,151,0,COMPLETED_WALLTIME_REACHED,34825.0,151.0,34976.0,34224.0,34375.0,226.64900662251657,0-3,-1
295,w0,100,603.0,3,152,0,COMPLETED_WALLTIME_REACHED,34976.0,152.0,35128.0,34373.0,34525.0,226.13815789473685,5-7,-1
294,w0,100,602.0,5,154,0,COMPLETED_WALLTIME_REACHED,34976.0,154.0,35130.0,34374.0,34528.0,223.2077922077922,0-4,-1
296,w0,100,603.0,5,150,0,COMPLETED_WALLTIME_REACHED,35130.0,150.0,35280.0,34527.0,34677.0,230.18,0-4,-1
297,w0,100,606.0,6,146,0,COMPLETED_WALLTIME_REACHED,35280.0,146.0,35426.0,34674.0,34820.0,237.4931506849315,0-5,-1
298,w0,100,607.0,3,150,0,COMPLETED_WALLTIME_REACHED,35426.0,150.0,35576.0,34819.0,34969.0,232.12666666666667,0-2,-1
299,w0,100,607.0,3,150,0,COMPLETED_WALLTIME_REACHED,35426.0,150.0,35576.0,34819.0,34969.0,232.12666666666667,3-5,-1
300,w0,100,608.0,4,150,0,COMPLETED_WALLTIME_REACHED,35576.0,150.0,35726.0,34968.0,35118.0,233.12,0-3,-1
301,w0,100,615.0,4,151,0,COMPLETED_WALLTIME_REACHED,35576.0,151.0,35727.0,34961.0,35112.0,231.52980132450332,4-7,-1
302,w0,100,616.0,3,146,0,COMPLETED_WALLTIME_REACHED,35726.0,146.0,35872.0,35110.0,35256.0,240.4794520547945,0-2,-1
303,w0,100,618.0,4,151,0,COMPLETED_WALLTIME_REACHED,35727.0,151.0,35878.0,35109.0,35260.0,232.50993377483445,3-6,-1
304,w0,100,620.0,5,151,0,COMPLETED_WALLTIME_REACHED,35878.0,151.0,36029.0,35258.0,35409.0,233.49668874172184,0-4,-1
305,w0,100,622.0,5,148,0,COMPLETED_WALLTIME_REACHED,36029.0,148.0,36177.0,35407.0,35555.0,239.23648648648648,0-4,-1
306,w0,100,622.0,4,149,0,COMPLETED_WALLTIME_REACHED,36177.0,149.0,36326.0,35555.0,35704.0,238.6241610738255,0-3,-1
307,w0,100,629.0,4,154,0,COMPLETED_WALLTIME_REACHED,36177.0,154.0,36331.0,35548.0,35702.0,230.83116883116884,4-7,-1
309,w0,100,630.0,3,147,0,COMPLETED_WALLTIME_REACHED,36331.0,147.0,36478.0,35701.0,35848.0,242.8639455782313,5-7,-1
308,w0,100,629.0,5,149,0,COMPLETED_WALLTIME_REACHED,36331.0,149.0,36480.0,35702.0,35851.0,239.61073825503357,0-4,-1
310,w0,100,630.0,4,147,0,COMPLETED_WALLTIME_REACHED,36480.0,147.0,36627.0,35850.0,35997.0,243.87755102040816,0-3,-1
311,w0,100,631.0,4,152,0,COMPLETED_WALLTIME_REACHED,36480.0,152.0,36632.0,35849.0,36001.0,235.84868421052633,4-7,-1
312,w0,100,634.0,4,151,0,COMPLETED_WALLTIME_REACHED,36627.0,151.0,36778.0,35993.0,36144.0,238.36423841059602,0-3,-1
313,w0,100,636.0,5,148,0,COMPLETED_WALLTIME_REACHED,36778.0,148.0,36926.0,36142.0,36290.0,244.2027027027027,0-4,-1
314,w0,100,636.0,4,148,0,COMPLETED_WALLTIME_REACHED,36926.0,148.0,37074.0,36290.0,36438.0,245.2027027027027,0-3,-1
315,w0,100,637.0,4,152,0,COMPLETED_WALLTIME_REACHED,36926.0,152.0,37078.0,36289.0,36441.0,238.7434210526316,4-7,-1
316,w0,100,638.0,5,149,0,COMPLETED_WALLTIME_REACHED,37078.0,149.0,37227.0,36440.0,36589.0,244.56375838926175,0-4,-1
317,w0,100,639.0,4,149,0,COMPLETED_WALLTIME_REACHED,37227.0,149.0,37376.0,36588.0,36737.0,245.55704697986576,0-3,-1
318,w0,100,640.0,6,151,0,COMPLETED_WALLTIME_REACHED,37376.0,151.0,37527.0,36736.0,36887.0,243.28476821192052,0-5,-1
319,w0,100,641.0,5,149,0,COMPLETED_WALLTIME_REACHED,37527.0,149.0,37676.0,36886.0,37035.0,247.55704697986576,0-4,-1
320,w0,100,642.0,5,150,0,COMPLETED_WALLTIME_REACHED,37676.0,150.0,37826.0,37034.0,37184.0,246.89333333333335,0-4,-1
321,w0,100,644.0,3,150,0,COMPLETED_WALLTIME_REACHED,37676.0,150.0,37826.0,37032.0,37182.0,246.88,5-7,-1
322,w0,100,646.0,4,146,0,COMPLETED_WALLTIME_REACHED,37826.0,146.0,37972.0,37180.0,37326.0,254.65753424657535,0-3,-1
323,w0,100,648.0,4,153,0,COMPLETED_WALLTIME_REACHED,37826.0,153.0,37979.0,37178.0,37331.0,242.99346405228758,4-7,-1
324,w0,100,649.0,6,150,0,COMPLETED_WALLTIME_REACHED,37979.0,150.0,38129.0,37330.0,37480.0,248.86666666666667,0-5,-1
325,w0,100,651.0,5,151,0,COMPLETED_WALLTIME_REACHED,38129.0,151.0,38280.0,37478.0,37629.0,248.19867549668874,0-4,-1
326,w0,100,651.0,5,149,0,COMPLETED_WALLTIME_REACHED,38280.0,149.0,38429.0,37629.0,37778.0,252.54362416107384,0-4,-1
327,w0,100,652.0,3,151,0,COMPLETED_WALLTIME_REACHED,38280.0,151.0,38431.0,37628.0,37779.0,249.19205298013244,5-7,-1
328,w0,100,653.0,5,152,0,COMPLETED_WALLTIME_REACHED,38429.0,152.0,38581.0,37776.0,37928.0,248.52631578947367,0-4,-1
329,w0,100,654.0,5,147,0,COMPLETED_WALLTIME_REACHED,38581.0,147.0,38728.0,37927.0,38074.0,258.00680272108843,0-4,-1
330,w0,100,656.0,2,152,0,COMPLETED_WALLTIME_REACHED,38581.0,152.0,38733.0,37925.0,38077.0,249.5065789473684,5-6,-1
331,w0,100,661.0,6,147,0,COMPLETED_WALLTIME_REACHED,38728.0,147.0,38875.0,38067.0,38214.0,258.9591836734694,0-4 7,-1
332,w0,100,664.0,5,149,0,COMPLETED_WALLTIME_REACHED,38875.0,149.0,39024.0,38211.0,38360.0,256.4496644295302,0-4,-1
333,w0,100,665.0,5,153,0,COMPLETED_WALLTIME_REACHED,39024.0,153.0,39177.0,38359.0,38512.0,250.71241830065358,0-4,-1
334,w0,100,670.0,5,148,0,COMPLETED_WALLTIME_REACHED,39177.0,148.0,39325.0,38507.0,38655.0,260.18243243243245,0-4,-1
335,w0,100,671.0,4,147,0,COMPLETED_WALLTIME_REACHED,39325.0,147.0,39472.0,38654.0,38801.0,262.95238095238096,0-3,-1
336,w0,100,674.0,4,150,0,COMPLETED_WALLTIME_REACHED,39325.0,150.0,39475.0,38651.0,38801.0,257.67333333333335,4-7,-1
337,w0,100,675.0,4,148,0,COMPLETED_WALLTIME_REACHED,39472.0,148.0,39620.0,38797.0,38945.0,262.1418918918919,0-3,-1
338,w0,100,675.0,4,149,0,COMPLETED_WALLTIME_REACHED,39475.0,149.0,39624.0,38800.0,38949.0,260.4026845637584,4-7,-1
339,w0,100,676.0,5,150,0,COMPLETED_WALLTIME_REACHED,39624.0,150.0,39774.0,38948.0,39098.0,259.6533333333333,0-4,-1
340,w0,100,678.0,4,148,0,COMPLETED_WALLTIME_REACHED,39774.0,148.0,39922.0,39096.0,39244.0,264.1621621621622,0-3,-1
341,w0,100,678.0,3,151,0,COMPLETED_WALLTIME_REACHED,39774.0,151.0,39925.0,39096.0,39247.0,258.9139072847682,4-6,-1
342,w0,100,681.0,5,151,0,COMPLETED_WALLTIME_REACHED,39922.0,151.0,40073.0,39241.0,39392.0,259.87417218543044,0-3 7,-1
343,w0,100,682.0,4,151,0,COMPLETED_WALLTIME_REACHED,40073.0,151.0,40224.0,39391.0,39542.0,260.8675496688742,0-3,-1
344,w0,100,683.0,6,151,0,COMPLETED_WALLTIME_REACHED,40224.0,151.0,40375.0,39541.0,39692.0,261.86092715231786,0-5,-1
345,w0,100,687.0,5,150,0,COMPLETED_WALLTIME_REACHED,40375.0,150.0,40525.0,39688.0,39838.0,264.58666666666664,0-4,-1
346,w0,100,687.0,4,150,0,COMPLETED_WALLTIME_REACHED,40525.0,150.0,40675.0,39838.0,39988.0,265.58666666666664,0-3,-1
347,w0,100,694.0,6,149,0,COMPLETED_WALLTIME_REACHED,40675.0,149.0,40824.0,39981.0,40130.0,268.3288590604027,0-5,-1
348,w0,100,697.0,4,151,0,COMPLETED_WALLTIME_REACHED,40824.0,151.0,40975.0,40127.0,40278.0,265.7417218543046,0-3,-1
349,w0,100,698.0,5,153,0,COMPLETED_WALLTIME_REACHED,40975.0,153.0,41128.0,40277.0,40430.0,263.2483660130719,0-4,-1
350,w0,100,699.0,4,149,0,COMPLETED_WALLTIME_REACHED,41128.0,149.0,41277.0,40429.0,40578.0,271.33557046979865,0-3,-1
351,w0,100,704.0,4,150,0,COMPLETED_WALLTIME_REACHED,41128.0,150.0,41278.0,40424.0,40574.0,269.49333333333334,4-7,-1
352,w0,100,704.0,5,150,0,COMPLETED_WALLTIME_REACHED,41278.0,150.0,41428.0,40574.0,40724.0,270.49333333333334,0-4,-1
353,w0,100,705.0,6,148,0,COMPLETED_WALLTIME_REACHED,41428.0,148.0,41576.0,40723.0,40871.0,275.1554054054054,0-5,-1
354,w0,100,706.0,4,148,0,COMPLETED_WALLTIME_REACHED,41576.0,148.0,41724.0,40870.0,41018.0,276.14864864864865,0-3,-1
355,w0,100,710.0,4,149,0,COMPLETED_WALLTIME_REACHED,41576.0,149.0,41725.0,40866.0,41015.0,274.2684563758389,4-7,-1
356,w0,100,711.0,5,149,0,COMPLETED_WALLTIME_REACHED,41725.0,149.0,41874.0,41014.0,41163.0,275.26174496644296,0-4,-1
357,w0,100,713.0,6,151,0,COMPLETED_WALLTIME_REACHED,41874.0,151.0,42025.0,41161.0,41312.0,272.58940397350995,0-5,-1
359,w0,100,721.0,4,147,0,COMPLETED_WALLTIME_REACHED,42025.0,147.0,42172.0,41304.0,41451.0,280.9795918367347,4-7,-1
358,w0,100,714.0,4,150,0,COMPLETED_WALLTIME_REACHED,42025.0,150.0,42175.0,41311.0,41461.0,275.4066666666667,0-3,-1
360,w0,100,723.0,4,149,0,COMPLETED_WALLTIME_REACHED,42172.0,149.0,42321.0,41449.0,41598.0,278.18120805369125,4-7,-1
361,w0,100,725.0,7,151,0,COMPLETED_WALLTIME_REACHED,42321.0,151.0,42472.0,41596.0,41747.0,275.4701986754967,0-6,-1
362,w0,100,725.0,7,151,0,COMPLETED_WALLTIME_REACHED,42472.0,151.0,42623.0,41747.0,41898.0,276.4701986754967,0-6,-1
363,w0,100,726.0,4,149,0,COMPLETED_WALLTIME_REACHED,42623.0,149.0,42772.0,41897.0,42046.0,281.18791946308727,0-3,-1
364,w0,100,728.0,6,151,0,COMPLETED_WALLTIME_REACHED,42772.0,151.0,42923.0,42044.0,42195.0,278.4370860927152,0-5,-1
365,w0,100,732.0,5,150,0,COMPLETED_WALLTIME_REACHED,42923.0,150.0,43073.0,42191.0,42341.0,281.2733333333333,0-4,-1
366,w0,100,733.0,4,152,0,COMPLETED_WALLTIME_REACHED,43073.0,152.0,43225.0,42340.0,42492.0,278.55263157894734,0-3,-1
367,w0,100,734.0,6,150,0,COMPLETED_WALLTIME_REACHED,43225.0,150.0,43375.0,42491.0,42641.0,283.2733333333333,0-5,-1
368,w0,100,739.0,3,147,0,COMPLETED_WALLTIME_REACHED,43375.0,147.0,43522.0,42636.0,42783.0,290.0408163265306,0-2,-1
369,w0,100,740.0,5,147,0,COMPLETED_WALLTIME_REACHED,43375.0,147.0,43522.0,42635.0,42782.0,290.03401360544217,3-7,-1
370,w0,100,740.0,5,150,0,COMPLETED_WALLTIME_REACHED,43522.0,150.0,43672.0,42782.0,42932.0,285.2133333333333,0-4,-1
371,w0,100,742.0,4,150,0,COMPLETED_WALLTIME_REACHED,43672.0,150.0,43822.0,42930.0,43080.0,286.2,0-3,-1
372,w0,100,745.0,4,155,0,COMPLETED_WALLTIME_REACHED,43672.0,155.0,43827.0,42927.0,43082.0,276.9483870967742,4-7,-1
373,w0,100,746.0,5,149,0,COMPLETED_WALLTIME_REACHED,43827.0,149.0,43976.0,43081.0,43230.0,289.13422818791946,0-4,-1
374,w0,100,747.0,5,149,0,COMPLETED_WALLTIME_REACHED,43976.0,149.0,44125.0,43229.0,43378.0,290.1275167785235,0-4,-1
375,w0,100,750.0,4,153,0,COMPLETED_WALLTIME_REACHED,44125.0,153.0,44278.0,43375.0,43528.0,283.4967320261438,0-3,-1
376,w0,100,764.0,5,149,0,COMPLETED_WALLTIME_REACHED,44278.0,149.0,44427.0,43514.0,43663.0,292.0402684563758,0-4,-1
377,w0,100,764.0,3,151,0,COMPLETED_WALLTIME_REACHED,44278.0,151.0,44429.0,43514.0,43665.0,288.17218543046357,5-7,-1
378,w0,100,770.0,5,153,0,COMPLETED_WALLTIME_REACHED,44427.0,153.0,44580.0,43657.0,43810.0,285.33986928104576,0-4,-1
379,w0,100,770.0,6,147,0,COMPLETED_WALLTIME_REACHED,44580.0,147.0,44727.0,43810.0,43957.0,298.02721088435374,0-5,-1
380,w0,100,771.0,6,153,0,COMPLETED_WALLTIME_REACHED,44727.0,153.0,44880.0,43956.0,44109.0,287.29411764705884,0-5,-1
381,w0,100,774.0,4,151,0,COMPLETED_WALLTIME_REACHED,44880.0,151.0,45031.0,44106.0,44257.0,292.0927152317881,0-3,-1
382,w0,100,775.0,5,150,0,COMPLETED_WALLTIME_REACHED,45031.0,150.0,45181.0,44256.0,44406.0,295.04,0-4,-1
383,w0,100,780.0,6,148,0,COMPLETED_WALLTIME_REACHED,45181.0,148.0,45329.0,44401.0,44549.0,300.0067567567568,0-5,-1
384,w0,100,781.0,6,150,0,COMPLETED_WALLTIME_REACHED,45329.0,150.0,45479.0,44548.0,44698.0,296.9866666666667,0-5,-1
385,w0,100,782.0,6,151,0,COMPLETED_WALLTIME_REACHED,45479.0,151.0,45630.0,44697.0,44848.0,296.0066225165563,0-5,-1
386,w0,100,782.0,5,148,0,COMPLETED_WALLTIME_REACHED,45630.0,148.0,45778.0,44848.0,44996.0,303.02702702702703,0-4,-1
387,w0,100,783.0,5,150,0,COMPLETED_WALLTIME_REACHED,45778.0,150.0,45928.0,44995.0,45145.0,299.96666666666664,0-4,-1
388,w0,100,785.0,4,145,0,COMPLETED_WALLTIME_REACHED,45928.0,145.0,46073.0,45143.0,45288.0,311.33103448275864,0-3,-1
389,w0,100,788.0,6,151,0,COMPLETED_WALLTIME_REACHED,46073.0,151.0,46224.0,45285.0,45436.0,299.9006622516556,0-5,-1
390,w0,100,789.0,5,150,0,COMPLETED_WALLTIME_REACHED,46224.0,150.0,46374.0,45435.0,45585.0,302.9,0-4,-1
391,w0,100,792.0,5,152,0,COMPLETED_WALLTIME_REACHED,46374.0,152.0,46526.0,45582.0,45734.0,299.88157894736844,0-4,-1
392,w0,100,792.0,4,150,0,COMPLETED_WALLTIME_REACHED,46526.0,150.0,46676.0,45734.0,45884.0,304.8933333333333,0-3,-1
393,w0,100,794.0,5,154,0,COMPLETED_WALLTIME_REACHED,46676.0,154.0,46830.0,45882.0,46036.0,297.93506493506493,0-4,-1
394,w0,100,794.0,6,151,0,COMPLETED_WALLTIME_REACHED,46830.0,151.0,46981.0,46036.0,46187.0,304.87417218543044,0-5,-1
395,w0,100,798.0,6,149,0,COMPLETED_WALLTIME_REACHED,46981.0,149.0,47130.0,46183.0,46332.0,309.9530201342282,0-5,-1
396,w0,100,800.0,5,147,0,COMPLETED_WALLTIME_REACHED,47130.0,147.0,47277.0,46330.0,46477.0,315.1700680272109,0-4,-1
397,w0,100,800.0,5,148,0,COMPLETED_WALLTIME_REACHED,47277.0,148.0,47425.0,46477.0,46625.0,314.0337837837838,0-4,-1
398,w0,100,802.0,3,148,0,COMPLETED_WALLTIME_REACHED,47277.0,148.0,47425.0,46475.0,46623.0,314.02027027027026,5-7,-1
399,w0,100,803.0,4,148,0,COMPLETED_WALLTIME_REACHED,47425.0,148.0,47573.0,46622.0,46770.0,315.0135135135135,0-3,-1
400,w0,100,804.0,5,148,0,COMPLETED_WALLTIME_REACHED,47573.0,148.0,47721.0,46769.0,46917.0,316.0067567567568,0-4,-1
401,w0,100,805.0,4,149,0,COMPLETED_WALLTIME_REACHED,47721.0,149.0,47870.0,46916.0,47065.0,314.8724832214765,0-3,-1
402,w0,100,805.0,4,151,0,COMPLETED_WALLTIME_REACHED,47721.0,151.0,47872.0,46916.0,47067.0,310.70198675496687,4-7,-1
403,w0,100,808.0,3,150,0,COMPLETED_WALLTIME_REACHED,47870.0,150.0,48020.0,47062.0,47212.0,313.74666666666667,0-2,-1
404,w0,100,809.0,5,150,0,COMPLETED_WALLTIME_REACHED,47872.0,150.0,48022.0,47063.0,47213.0,313.75333333333333,3-7,-1
405,w0,100,810.0,6,146,0,COMPLETED_WALLTIME_REACHED,48022.0,146.0,48168.0,47212.0,47358.0,323.36986301369865,0-5,-1
406,w0,100,813.0,4,152,0,COMPLETED_WALLTIME_REACHED,48168.0,152.0,48320.0,47355.0,47507.0,311.54605263157896,0-3,-1
407,w0,100,814.0,6,150,0,COMPLETED_WALLTIME_REACHED,48320.0,150.0,48470.0,47506.0,47656.0,316.70666666666665,0-5,-1
408,w0,100,815.0,5,148,0,COMPLETED_WALLTIME_REACHED,48470.0,148.0,48618.0,47655.0,47803.0,321.9932432432432,0-4,-1
410,w0,100,818.0,4,147,0,COMPLETED_WALLTIME_REACHED,48618.0,147.0,48765.0,47800.0,47947.0,325.1700680272109,4-7,-1
409,w0,100,817.0,4,152,0,COMPLETED_WALLTIME_REACHED,48618.0,152.0,48770.0,47801.0,47953.0,314.48026315789474,0-3,-1
411,w0,100,818.0,4,152,0,COMPLETED_WALLTIME_REACHED,48765.0,152.0,48917.0,47947.0,48099.0,315.4407894736842,4-7,-1
412,w0,100,819.0,4,150,0,COMPLETED_WALLTIME_REACHED,48770.0,150.0,48920.0,47951.0,48101.0,319.67333333333335,0-3,-1
413,w0,100,819.0,4,148,0,COMPLETED_WALLTIME_REACHED,48917.0,148.0,49065.0,48098.0,48246.0,324.9864864864865,4-7,-1
414,w0,100,821.0,4,150,0,COMPLETED_WALLTIME_REACHED,48920.0,150.0,49070.0,48099.0,48249.0,320.66,0-3,-1
415,w0,100,822.0,5,149,0,COMPLETED_WALLTIME_REACHED,49070.0,149.0,49219.0,48248.0,48397.0,323.81208053691273,0-4,-1
416,w0,100,825.0,5,152,0,COMPLETED_WALLTIME_REACHED,49219.0,152.0,49371.0,48394.0,48546.0,318.38157894736844,0-4,-1
417,w0,100,825.0,3,154,0,COMPLETED_WALLTIME_REACHED,49219.0,154.0,49373.0,48394.0,48548.0,314.24675324675326,5-7,-1
418,w0,100,826.0,6,153,0,COMPLETED_WALLTIME_REACHED,49373.0,153.0,49526.0,48547.0,48700.0,317.30065359477123,0-5,-1
419,w0,100,830.0,5,148,0,COMPLETED_WALLTIME_REACHED,49526.0,148.0,49674.0,48696.0,48844.0,329.02702702702703,0-4,-1
420,w0,100,831.0,2,150,0,COMPLETED_WALLTIME_REACHED,49526.0,150.0,49676.0,48695.0,48845.0,324.6333333333333,5-6,-1
421,w0,100,831.0,4,150,0,COMPLETED_WALLTIME_REACHED,49674.0,150.0,49824.0,48843.0,48993.0,325.62,0-3,-1
422,w0,100,836.0,3,150,0,COMPLETED_WALLTIME_REACHED,49676.0,150.0,49826.0,48840.0,48990.0,325.6,4-6,-1
423,w0,100,838.0,4,153,0,COMPLETED_WALLTIME_REACHED,49824.0,153.0,49977.0,48986.0,49139.0,320.16993464052285,0-3,-1
424,w0,100,841.0,4,151,0,COMPLETED_WALLTIME_REACHED,49826.0,151.0,49977.0,48985.0,49136.0,324.4039735099338,4-7,-1
425,w0,100,842.0,6,151,0,COMPLETED_WALLTIME_REACHED,49977.0,151.0,50128.0,49135.0,49286.0,325.3973509933775,0-5,-1
426,w0,100,844.0,4,152,0,COMPLETED_WALLTIME_REACHED,50128.0,152.0,50280.0,49284.0,49436.0,324.2368421052632,0-3,-1
427,w0,100,845.0,7,150,0,COMPLETED_WALLTIME_REACHED,50280.0,150.0,50430.0,49435.0,49585.0,329.56666666666666,0-6,-1
428,w0,100,848.0,5,148,0,COMPLETED_WALLTIME_REACHED,50430.0,148.0,50578.0,49582.0,49730.0,335.0135135135135,0-4,-1
429,w0,100,850.0,4,149,0,COMPLETED_WALLTIME_REACHED,50578.0,149.0,50727.0,49728.0,49877.0,333.744966442953,0-3,-1
430,w0,100,850.0,4,154,0,COMPLETED_WALLTIME_REACHED,50578.0,154.0,50732.0,49728.0,49882.0,322.90909090909093,4-7,-1
431,w0,100,850.0,5,149,0,COMPLETED_WALLTIME_REACHED,50732.0,149.0,50881.0,49882.0,50031.0,334.77852348993287,0-4,-1
432,w0,100,850.0,4,150,0,COMPLETED_WALLTIME_REACHED,50881.0,150.0,51031.0,50031.0,50181.0,333.54,0-3,-1
433,w0,100,851.0,4,150,0,COMPLETED_WALLTIME_REACHED,50881.0,150.0,51031.0,50030.0,50180.0,333.53333333333336,4-7,-1
434,w0,100,851.0,5,149,0,COMPLETED_WALLTIME_REACHED,51031.0,149.0,51180.0,50180.0,50329.0,336.77852348993287,0-4,-1
435,w0,100,855.0,4,150,0,COMPLETED_WALLTIME_REACHED,51180.0,150.0,51330.0,50325.0,50475.0,335.5,0-3,-1
436,w0,100,858.0,3,151,0,COMPLETED_WALLTIME_REACHED,51180.0,151.0,51331.0,50322.0,50473.0,333.2582781456954,4-6,-1
437,w0,100,860.0,4,149,0,COMPLETED_WALLTIME_REACHED,51330.0,149.0,51479.0,50470.0,50619.0,338.7248322147651,0-3,-1
438,w0,100,869.0,4,148,0,COMPLETED_WALLTIME_REACHED,51331.0,148.0,51479.0,50462.0,50610.0,340.9594594594595,4-7,-1
439,w0,100,870.0,3,149,0,COMPLETED_WALLTIME_REACHED,51479.0,149.0,51628.0,50609.0,50758.0,339.6577181208054,0-2,-1
440,w0,100,873.0,4,149,0,COMPLETED_WALLTIME_REACHED,51479.0,149.0,51628.0,50606.0,50755.0,339.63758389261744,3-6,-1
441,w0,100,874.0,6,152,0,COMPLETED_WALLTIME_REACHED,51628.0,152.0,51780.0,50754.0,50906.0,333.9078947368421,0-5,-1
442,w0,100,874.0,5,150,0,COMPLETED_WALLTIME_REACHED,51780.0,150.0,51930.0,50906.0,51056.0,339.37333333333333,0-4,-1
443,w0,100,875.0,6,149,0,COMPLETED_WALLTIME_REACHED,51930.0,149.0,52079.0,51055.0,51204.0,342.6510067114094,0-5,-1
444,w0,100,876.0,3,152,0,COMPLETED_WALLTIME_REACHED,52079.0,152.0,52231.0,51203.0,51355.0,336.8618421052632,0-2,-1
445,w0,100,876.0,6,148,0,COMPLETED_WALLTIME_REACHED,52231.0,148.0,52379.0,51355.0,51503.0,346.9932432432432,0-5,-1
446,w0,100,885.0,4,150,0,COMPLETED_WALLTIME_REACHED,52379.0,150.0,52529.0,51494.0,51644.0,343.29333333333335,0-3,-1
447,w0,100,888.0,7,150,0,COMPLETED_WALLTIME_REACHED,52529.0,150.0,52679.0,51641.0,51791.0,344.2733333333333,0-6,-1
448,w0,100,890.0,4,149,0,COMPLETED_WALLTIME_REACHED,52679.0,149.0,52828.0,51789.0,51938.0,347.5771812080537,0-3,-1
449,w0,100,890.0,3,149,0,COMPLETED_WALLTIME_REACHED,52679.0,149.0,52828.0,51789.0,51938.0,347.5771812080537,4-6,-1
450,w0,100,890.0,5,148,0,COMPLETED_WALLTIME_REACHED,52828.0,148.0,52976.0,51938.0,52086.0,350.93243243243245,0-4,-1
451,w0,100,893.0,4,152,0,COMPLETED_WALLTIME_REACHED,52976.0,152.0,53128.0,52083.0,52235.0,342.6513157894737,0-3,-1
452,w0,100,895.0,6,150,0,COMPLETED_WALLTIME_REACHED,53128.0,150.0,53278.0,52233.0,52383.0,348.22,0-5,-1
453,w0,100,896.0,4,150,0,COMPLETED_WALLTIME_REACHED,53278.0,150.0,53428.0,52382.0,52532.0,349.2133333333333,0-3,-1
454,w0,100,896.0,4,153,0,COMPLETED_WALLTIME_REACHED,53278.0,153.0,53431.0,52382.0,52535.0,342.36601307189545,4-7,-1
455,w0,100,897.0,4,153,0,COMPLETED_WALLTIME_REACHED,53428.0,153.0,53581.0,52531.0,52684.0,343.33986928104576,0-3,-1
456,w0,100,898.0,6,149,0,COMPLETED_WALLTIME_REACHED,53581.0,149.0,53730.0,52683.0,52832.0,353.5771812080537,0-5,-1
457,w0,100,898.0,5,150,0,COMPLETED_WALLTIME_REACHED,53730.0,150.0,53880.0,52832.0,52982.0,352.2133333333333,0-4,-1
458,w0,100,905.0,3,150,0,COMPLETED_WALLTIME_REACHED,53730.0,150.0,53880.0,52825.0,52975.0,352.1666666666667,5-7,-1
459,w0,100,906.0,4,148,0,COMPLETED_WALLTIME_REACHED,53880.0,148.0,54028.0,52974.0,53122.0,357.93243243243245,0-3,-1
460,w0,100,909.0,6,153,0,COMPLETED_WALLTIME_REACHED,54028.0,153.0,54181.0,53119.0,53272.0,347.1830065359477,0-5,-1
461,w0,100,909.0,4,151,0,COMPLETED_WALLTIME_REACHED,54181.0,151.0,54332.0,53272.0,53423.0,352.79470198675494,0-3,-1
462,w0,100,911.0,4,151,0,COMPLETED_WALLTIME_REACHED,54181.0,151.0,54332.0,53270.0,53421.0,352.78145695364236,4-7,-1
463,w0,100,912.0,4,146,0,COMPLETED_WALLTIME_REACHED,54332.0,146.0,54478.0,53420.0,53566.0,365.8904109589041,0-3,-1
464,w0,100,917.0,3,151,0,COMPLETED_WALLTIME_REACHED,54332.0,151.0,54483.0,53415.0,53566.0,353.7417218543046,4-6,-1
465,w0,100,920.0,5,151,0,COMPLETED_WALLTIME_REACHED,54478.0,151.0,54629.0,53558.0,53709.0,354.6887417218543,0-3 7,-1
466,w0,100,921.0,4,148,0,COMPLETED_WALLTIME_REACHED,54629.0,148.0,54777.0,53708.0,53856.0,362.8918918918919,0-3,-1
467,w0,100,923.0,2,151,0,COMPLETED_WALLTIME_REACHED,54629.0,151.0,54780.0,53706.0,53857.0,355.66887417218544,4-5,-1
468,w0,100,923.0,4,151,0,COMPLETED_WALLTIME_REACHED,54777.0,151.0,54928.0,53854.0,54005.0,356.64900662251654,0-3,-1
469,w0,100,928.0,4,148,0,COMPLETED_WALLTIME_REACHED,54780.0,148.0,54928.0,53852.0,54000.0,363.86486486486484,4-7,-1
470,w0,100,930.0,4,148,0,COMPLETED_WALLTIME_REACHED,54928.0,148.0,55076.0,53998.0,54146.0,364.85135135135135,0-3,-1
471,w0,100,931.0,6,151,0,COMPLETED_WALLTIME_REACHED,55076.0,151.0,55227.0,54145.0,54296.0,358.57615894039736,0-5,-1
472,w0,100,932.0,5,148,0,COMPLETED_WALLTIME_REACHED,55227.0,148.0,55375.0,54295.0,54443.0,366.8581081081081,0-4,-1
473,w0,100,933.0,5,151,0,COMPLETED_WALLTIME_REACHED,55375.0,151.0,55526.0,54442.0,54593.0,360.5430463576159,0-4,-1
474,w0,100,934.0,4,149,0,COMPLETED_WALLTIME_REACHED,55526.0,149.0,55675.0,54592.0,54741.0,366.38926174496646,0-3,-1
475,w0,100,935.0,4,150,0,COMPLETED_WALLTIME_REACHED,55526.0,150.0,55676.0,54591.0,54741.0,363.94,4-7,-1
477,w0,100,941.0,4,148,0,COMPLETED_WALLTIME_REACHED,55676.0,148.0,55824.0,54735.0,54883.0,369.8310810810811,3-6,-1
476,w0,100,939.0,3,150,0,COMPLETED_WALLTIME_REACHED,55675.0,150.0,55825.0,54736.0,54886.0,364.9066666666667,0-2,-1
479,w0,100,944.0,4,145,0,COMPLETED_WALLTIME_REACHED,55825.0,145.0,55970.0,54881.0,55026.0,378.4896551724138,0-2 6,-1
478,w0,100,941.0,3,151,0,COMPLETED_WALLTIME_REACHED,55824.0,151.0,55975.0,54883.0,55034.0,363.4635761589404,3-5,-1
480,w0,100,945.0,5,151,0,COMPLETED_WALLTIME_REACHED,55970.0,151.0,56121.0,55025.0,55176.0,364.4039735099338,0-2 6-7,-1
481,w0,100,947.0,4,152,0,COMPLETED_WALLTIME_REACHED,56121.0,152.0,56273.0,55174.0,55326.0,362.9868421052632,0-3,-1
483,w0,100,947.0,2,149,0,COMPLETED_WALLTIME_REACHED,56273.0,149.0,56422.0,55326.0,55475.0,371.3154362416107,5-6,-1
482,w0,100,947.0,5,153,0,COMPLETED_WALLTIME_REACHED,56273.0,153.0,56426.0,55326.0,55479.0,361.6078431372549,0-4,-1
484,w0,100,950.0,4,149,0,COMPLETED_WALLTIME_REACHED,56426.0,149.0,56575.0,55476.0,55625.0,372.32214765100673,0-3,-1
485,w0,100,955.0,4,153,0,COMPLETED_WALLTIME_REACHED,56426.0,153.0,56579.0,55471.0,55624.0,362.55555555555554,4-7,-1
486,w0,100,960.0,4,146,0,COMPLETED_WALLTIME_REACHED,56575.0,146.0,56721.0,55615.0,55761.0,380.9246575342466,0-3,-1
487,w0,100,962.0,5,153,0,COMPLETED_WALLTIME_REACHED,56721.0,153.0,56874.0,55759.0,55912.0,364.437908496732,0-4,-1
488,w0,100,965.0,6,148,0,COMPLETED_WALLTIME_REACHED,56874.0,148.0,57022.0,55909.0,56057.0,377.7635135135135,0-5,-1
489,w0,100,967.0,6,149,0,COMPLETED_WALLTIME_REACHED,57022.0,149.0,57171.0,56055.0,56204.0,376.20805369127515,0-5,-1
490,w0,100,968.0,4,150,0,COMPLETED_WALLTIME_REACHED,57171.0,150.0,57321.0,56203.0,56353.0,374.68666666666667,0-3,-1
491,w0,100,972.0,5,152,0,COMPLETED_WALLTIME_REACHED,57321.0,152.0,57473.0,56349.0,56501.0,370.7171052631579,0-4,-1
492,w0,100,974.0,5,149,0,COMPLETED_WALLTIME_REACHED,57473.0,149.0,57622.0,56499.0,56648.0,379.18791946308727,0-4,-1
493,w0,100,975.0,4,150,0,COMPLETED_WALLTIME_REACHED,57622.0,150.0,57772.0,56647.0,56797.0,377.64666666666665,0-3,-1
494,w0,100,975.0,5,152,0,COMPLETED_WALLTIME_REACHED,57772.0,152.0,57924.0,56797.0,56949.0,373.6644736842105,0-4,-1
495,w0,100,978.0,4,152,0,COMPLETED_WALLTIME_REACHED,57924.0,152.0,58076.0,56946.0,57098.0,374.64473684210526,0-3,-1
496,w0,100,979.0,5,150,0,COMPLETED_WALLTIME_REACHED,58076.0,150.0,58226.0,57097.0,57247.0,380.64666666666665,0-4,-1
497,w0,100,980.0,4,148,0,COMPLETED_WALLTIME_REACHED,58226.0,148.0,58374.0,57246.0,57394.0,386.7972972972973,0-3,-1
498,w0,100,980.0,4,150,0,COMPLETED_WALLTIME_REACHED,58226.0,150.0,58376.0,57246.0,57396.0,381.64,4-7,-1
499,w0,100,981.0,5,149,0,COMPLETED_WALLTIME_REACHED,58376.0,149.0,58525.0,57395.0,57544.0,385.2013422818792,0-4,-1
500,w0,100,984.0,4,149,0,COMPLETED_WALLTIME_REACHED,58525.0,149.0,58674.0,57541.0,57690.0,386.18120805369125,0-3,-1
